MERK,TYPE,ACTIVITY,Fuel Tank Cap. L, Average , Low , Mid , High 
ZS1EPRD528-4141,"TRUCK, DUMP, HINO, ZS1EPRD528-4141",HAULING,,  30 ,  24 ,  30 ,  36 
ZS1EPPD-4141,"TRUCK, DUMP, HINO, ZS1EPPD-4141",HAULING,,  30 ,  24 ,  30 ,  36 
XMT 650,"WELDING MACHINE, ELECTRIC, MILLER, XMT 650, 650A @ 100%",SUPPORT,,  1 ,  1 ,  1 ,  1 
Western Star,WS-6900XD ,HAULING,,  38 ,  35 ,  38 ,  41 
WARMAN,Water Pump,SUPPORT,,  8 ,  5 ,  8 ,  10 
WARMAN,Dewatering Pump,SUPPORT,,  8 ,  5 ,  8 ,  10 
VOLVO TAD1643VE-HD,KSB LCC-H200,SUPPORT,,  25 ,  20 ,  25 ,  30 
VOLVO TAD1643VE-HD,VOLVO TAD1643VE-HD,SUPPORT,,  25 ,  20 ,  25 ,  30 
VOLVO TAD1643VE,KSB LCC-H200,SUPPORT,,  25 ,  20 ,  25 ,  30 
VOLVO TAD1642VE,KSB LCC-H200,SUPPORT,,  25 ,  20 ,  25 ,  30 
VOLVO TAD1343VE,KSB LCC-H150,SUPPORT,,  25 ,  20 ,  25 ,  30 
Volvo FM440,"TRUCK, LIGHT, VOLVO , FM440,36T",HAULING,,  30 ,  24 ,  30 ,  36 
Volvo FM440,"TRUCK, LIGHT, VOLVO , FM440,33T",HAULING,,  30 ,  24 ,  30 ,  36 
Volvo FM440,"TRUCK, LIGHT, VOLVO , FM440,35T",HAULING,,  30 ,  24 ,  30 ,  36 
Volvo FM440,"TRUCK, LIGHT, VOLVO , FM440,37T",HAULING,,  30 ,  24 ,  30 ,  36 
Volvo FM440,"TRUCK, LIGHT, VOLVO , FM440,34T",HAULING,,  30 ,  24 ,  30 ,  36 
Volvo FM440,"TRUCK, LIGHT, VOLVO , FM440,42T",HAULING,,  30 ,  24 ,  30 ,  36 
VOLVO,VOLVO FH 16,HAULING,,  35 ,  30 ,  35 ,  40 
VOLVO,VOLVO FH 610,HAULING,,  35 ,  30 ,  35 ,  40 
Volvo,FH16-550HP,SUPPORT,,  25 ,  20 ,  25 ,  30 
Volvo,FMX 440 66R / (ST),SUPPORT,,  25 ,  20 ,  25 ,  30 
Volvo,PS120,SUPPORT,,  25 ,  20 ,  25 ,  30 
VOLVO,FMX440,HAULING,,  30 ,  24 ,  30 ,  36 
VOLVO,FMX440AM,SUPPORT,,  44 ,  35 ,  44 ,  53 
VOLVO,FM9CT,SUPPORT,,  24 ,  18 ,  27 ,  32 
Volvo,P380CB6X6EHZ,SUPPORT,,  48 ,  38 ,  48 ,  57 
VOLVO,FMX370,SUPPORT,,  40 ,  32 ,  40 ,  48 
Volvo,FMX440CT,SUPPORT,,  44 ,  35 ,  44 ,  53 
Volvo,FMX440,SUPPORT,,  44 ,  35 ,  44 ,  53 
VOLVO,Fuel Truck,SUPPORT,,  24 ,  18 ,  24 ,  30 
VOLVO,Crane Truck,SUPPORT,,  24 ,  18 ,  24 ,  30 
TOYOTA,Innova G DIESEL,SUPPORT,,  1 ,  1 ,  1 ,  1 
TOYOTA,TOYOTA,SUPPORT,,  1 ,  1 ,  1 ,  1 
Toyota,Toyota Hilux Diesel  2.4G Double Cabin 4x4,SUPPORT,,  1 ,  1 ,  1 ,  1 
Towerlamp,PL30P,SUPPORT,,  2 ,  1 ,  2 ,  2 
Telehandler,JCB5AF-540-1,SUPPORT,,  12 ,  10 ,  12 ,  14 
TD2011L04W,"WELDER, DIESEL, MILLER BIG BLUE, AIR PAK",SUPPORT,,  1 ,  1 ,  1 ,  1 
Tadano,ATF50G-3,SUPPORT,,  40 ,  32 ,  40 ,  48 
Sykes,HH150,SUPPORT,,  20 ,  15 ,  20 ,  25 
STRADA-TRITON,"LV, AMBULANCE, MITSUBISHI, TRITON 4X4",SUPPORT,,  1 ,  1 ,  1 ,  1 
STRADA-TRITON,"LV, MITSUBISHI, TRITON-HDX, 4X4 (ERT)",SUPPORT,,  1 ,  1 ,  1 ,  1 
STRADA-TRITON,"MITSUBISHI, PAJERO SPORT-GLX, 4x4 (PM03)",SUPPORT,,  1 ,  1 ,  1 ,  1 
STRADA-TRITON,"MITSUBISHI, TRITON, 4X4, HDX (ADM 01)",SUPPORT,,  1 ,  1 ,  1 ,  1 
STRADA-TRITON,"MITSUBISHI, TRITON, 4X4, HDX (AMG 05)",SUPPORT,,  1 ,  1 ,  1 ,  1 
STRADA-TRITON,"MITSUBISHI, TRITON, 4X4, HDX (AMG02)",SUPPORT,,  1 ,  1 ,  1 ,  1 
STRADA-TRITON,"MITSUBISHI, TRITON, 4X4, HDX (AMG06)",SUPPORT,,  1 ,  1 ,  1 ,  1 
STRADA-TRITON,"MITSUBISHI, TRITON, 4X4, HDX (AMG10)",SUPPORT,,  1 ,  1 ,  1 ,  1 
STRADA-TRITON,"MITSUBISHI, TRITON, 4X4, HDX (AMG11)",SUPPORT,,  1 ,  1 ,  1 ,  1 
STRADA-TRITON,"MITSUBISHI, TRITON, 4X4, HDX (AMG13)",SUPPORT,,  1 ,  1 ,  1 ,  1 
STRADA-TRITON,"MITSUBISHI, TRITON, 4X4, HDX (AMG15)",SUPPORT,,  1 ,  1 ,  1 ,  1 
STRADA-TRITON,"MITSUBISHI, TRITON, 4X4, HDX (D&B02)",SUPPORT,,  1 ,  1 ,  1 ,  1 
STRADA-TRITON,"MITSUBISHI, TRITON, 4X4, HDX (ENG04)",SUPPORT,,  1 ,  1 ,  1 ,  1 
STRADA-TRITON,"MITSUBISHI, TRITON, 4X4, HDX (FMS01)",SUPPORT,,  1 ,  1 ,  1 ,  1 
STRADA-TRITON,"MITSUBISHI, TRITON, 4X4, HDX (MNG01)",SUPPORT,,  1 ,  1 ,  1 ,  1 
STRADA-TRITON,"MITSUBISHI, TRITON, 4X4, HDX (MNG02)",SUPPORT,,  1 ,  1 ,  1 ,  1 
STRADA-TRITON,"MITSUBISHI, TRITON, 4X4, HDX (MNG03)",SUPPORT,,  1 ,  1 ,  1 ,  1 
STRADA-TRITON,"MITSUBISHI, TRITON, 4X4, HDX (MNG04)",SUPPORT,,  1 ,  1 ,  1 ,  1 
STRADA-TRITON,"MITSUBISHI, TRITON, 4X4, HDX (MNG05)",SUPPORT,,  1 ,  1 ,  1 ,  1 
STRADA-TRITON,"MITSUBISHI, TRITON, 4X4, HDX (MNG06)",SUPPORT,,  1 ,  1 ,  1 ,  1 
STRADA-TRITON,"MITSUBISHI, TRITON, 4X4, HDX (MNG07)",SUPPORT,,  1 ,  1 ,  1 ,  1 
STRADA-TRITON,"MITSUBISHI, TRITON, 4X4, HDX (MNG08)",SUPPORT,,  1 ,  1 ,  1 ,  1 
STRADA-TRITON,"MITSUBISHI, TRITON, 4X4, HDX (MNG09)",SUPPORT,,  1 ,  1 ,  1 ,  1 
STRADA-TRITON,"MITSUBISHI, TRITON, 4X4, HDX (MNV01)",SUPPORT,,  1 ,  1 ,  1 ,  1 
STRADA-TRITON,"MITSUBISHI, TRITON, 4X4, HDX (SHE02)",SUPPORT,,  1 ,  1 ,  1 ,  1 
STRADA-TRITON,"MITSUBISHI, TRITON, 4X4, HDX (SHE04)",SUPPORT,,  1 ,  1 ,  1 ,  1 
STRADA-TRITON,"MITSUBISHI, TRITON, 4X4, HDX (SVY01)",SUPPORT,,  1 ,  1 ,  1 ,  1 
SR700L,"CRANE, ROUGH TERRAIN,  KATO, SR700L, 70T",SUPPORT,,  35 ,  28 ,  35 ,  42 
SH11D-R,"GENSET, ELEMAX, SH11D-R, 8KVA",SUPPORT,,  5 ,  4 ,  5 ,  6 
SCANIA DC1641A,KSB LCC-H150,SUPPORT,,  20 ,  16 ,  20 ,  24 
SCANIA DC1640A,KSB LCC-H150,SUPPORT,,  20 ,  16 ,  20 ,  24 
SCANIA DC16074A,KSB LCC-H200,SUPPORT,,  20 ,  16 ,  20 ,  24 
SCANIA DC13074A,KSB LCC-H150,SUPPORT,,  20 ,  16 ,  20 ,  24 
Scania,P420CB-6x4,SUPPORT,,  20 ,  16 ,  20 ,  24 
SCANIA,P410CB8x4,HAULING,,  26 ,  20 ,  26 ,  33 
SCANIA,P380CB6X6AM,HAULING,,  48 ,  38 ,  48 ,  57 
SCANIA,P124GB6X6CT,SUPPORT,,  48 ,  38 ,  48 ,  57 
Scania,P410B 6X6 DC,SUPPORT,,  48 ,  38 ,  48 ,  57 
SCANIA,Water Truck,SUPPORT,,  26 ,  20 ,  26 ,  33 
SCANIA,Fuel Truck,SUPPORT,,  25 ,  19 ,  25 ,  32 
SCANIA,Crane Truck,SUPPORT,,  24 ,  18 ,  24 ,  30 
SCANIA,Service Truck,SUPPORT,,  24 ,  18 ,  24 ,  30 
SCANIA,Steeming Truck,SUPPORT,,  24 ,  18 ,  24 ,  30 
SCANIA,Lubrication Truck,SUPPORT,,  24 ,  18 ,  24 ,  30 
SCANIA,P380CB6X6WT,SUPPORT,,  26 ,  20 ,  26 ,  33 
SANY,"EXCAVATOR,  SANY, SY500, 50T",LOADING,,  32 ,  26 ,  32 ,  38 
SANY,"EXCAVATOR, SANY, SY500H 40T CLASS",LOADING,,  32 ,  26 ,  32 ,  38 
SANY,STG230C-10S,SUPPORT,,  10 ,  8 ,  10 ,  12 
SANY,"EXCAVATOR,  SANY, SY500, 50T",LOADING,,  30 ,  24 ,  30 ,  36 
SANY,"EXCAVATOR, SANY, SY500H 40T CLASS",LOADING,,  25 ,  20 ,  25 ,  30 
SANY,"EXCAVATOR,  SANY, SY365, 30T",SUPPORT,,  25 ,  20 ,  25 ,  30 
SANY,"EXCAVATOR,  SANY, SY365, 36T",SUPPORT,,  25 ,  20 ,  25 ,  30 
R-YM13SZ,"GENSET, YANMAR, R-YM13SZ",SUPPORT,,  5 ,  4 ,  5 ,  6 
R-YM13SZ,"GENSET, YANMAR,R-YM13SZ, 13KVA",SUPPORT,,  5 ,  4 ,  5 ,  6 
R9350,"EXCAVATOR, LIEBHERR, R9350",LOADING,,  242 ,  194 ,  242 ,  291 
PL100P - 100 Kva,"GENSET, HARTECH, HT100P, 100KVA",SUPPORT,,  5 ,  4 ,  5 ,  6 
PDP,Tower Lamp,SUPPORT,,  2 ,  1 ,  2 ,  2 
PC2000,"EXCAVATOR, BACKHOE, KOMATSU, PC2000-8",LOADING,,  100 ,  84 ,  100 ,  147 
PC2000,"EXCAVATOR, KOMATSU, PC2000-8",LOADING,,  100 ,  84 ,  100 ,  147 
PATRIA,LS4-1400,SUPPORT,,  14 ,  11 ,  14 ,  17 
PATRIA,LS4-1400,SUPPORT,,  -   ,  -   ,  -   ,  -   
PATRIA,Tower Lamp,SUPPORT,,  2 ,  1 ,  2 ,  2 
PATRIA,Genset,SUPPORT,,  2 ,  2 ,  2 ,  3 
PATRIA,Mega Tower,SUPPORT,,  1 ,  1 ,  1 ,  1 
PANASONIC,"Welder, AC ARC",SUPPORT,,  10 ,  8 ,  10 ,  12 
"PAJERO SPORT,GLX","MITSUBISHI, PAJERO SPORT-GLX, 4x4 (PM04)",SUPPORT,,  1 ,  1 ,  1 ,  1 
"PAJERO SPORT,GLX","MITSUBISHI, TRITON, 4X4, HDX (SVY03)",SUPPORT,,  1 ,  1 ,  1 ,  1 
P360B,"TRUCK, SHUTDOWN, SCANIA, P360B, 6X6 ",SUPPORT,,  30 ,  24 ,  30 ,  36 
NISSAN,CWB450LDN / ST,SUPPORT,,  1 ,  1 ,  1 ,  1 
NISSAN,CWB45ALDN / ST,SUPPORT,,  1 ,  1 ,  1 ,  1 
NISSAN,CWB520LDN / ST,SUPPORT,,  1 ,  1 ,  1 ,  1 
NISSAN,TZA52PPNCT,SUPPORT,,  40 ,  32 ,  40 ,  48 
NISSAN,TZA520PPN,SUPPORT,,  40 ,  32 ,  40 ,  48 
NISSAN,CWB45A,SUPPORT,,  16 ,  13 ,  16 ,  20 
NISSAN,Lubrication Truck,SUPPORT,,  16 ,  13 ,  16 ,  20 
MULTIFLO,Water Pump,SUPPORT,,  39 ,  27 ,  39 ,  50 
MULTIFLO,Water Pump,SUPPORT,,  39 ,  27 ,  39 ,  50 
MULTIFLO,Tower Lamp,SUPPORT,,  2 ,  1 ,  2 ,  2 
MITSUBISHI,All New Triton GLS 4X4,SUPPORT,,  1 ,  1 ,  1 ,  1 
MITSUBISHI,All New Triton HDX 4X4,SUPPORT,,  1 ,  1 ,  1 ,  1 
MITSUBISHI,"Pajero Sport2,5L Exceed (4X27, 5M/1)",SUPPORT,,  1 ,  1 ,  1 ,  1 
MITSUBISHI,COLT DIESEL FE71L BC NC (4X2) M/T,SUPPORT,,  1 ,  1 ,  1 ,  1 
MITSUBISHI,FE 84 BC,SUPPORT,,  1 ,  1 ,  1 ,  1 
MITSUBISHI,FE 84G BC,SUPPORT,,  1 ,  1 ,  1 ,  1 
MITSUBISHI,MITSUBISHI,SUPPORT,,  1 ,  1 ,  1 ,  1 
MITSUBISHI,Colt Diesel FE-74 HDV,SUPPORT,,  15 ,  12 ,  15 ,  18 
MITSUBISHI,COLT DIESEL PS110,SUPPORT,,  1 ,  1 ,  1 ,  1 
MITSUBISHI,FE74 HD ,SUPPORT,,  1 ,  1 ,  1 ,  1 
MITSUBISHI,HD125 CANTER,SUPPORT,,  1 ,  1 ,  1 ,  1 
MITSUBISHI,PS120,SUPPORT,,  1 ,  1 ,  1 ,  1 
MITSUBISHI,PS120 (8246LR),SUPPORT,,  1 ,  1 ,  1 ,  1 
MITSUBISHI,Pajero Sport,SUPPORT,,  1 ,  1 ,  1 ,  1 
MITSUBISHI,Mitsubishi Pajero,SUPPORT,,  1 ,  1 ,  1 ,  1 
MILLER,BIG BLUE 500 X,SUPPORT,,  4 ,  3 ,  4 ,  4 
MILLER,D 2011 L 04 I,SUPPORT,,  10 ,  8 ,  10 ,  12 
MILLER,"Welder, CO1",SUPPORT,,  10 ,  8 ,  10 ,  12 
MILLER,Welding Travo,SUPPORT,,  1 ,  1 ,  1 ,  1 
MILLER,"Welder, Machine",SUPPORT,,  10 ,  8 ,  10 ,  12 
MILLER,Hi-Pressure Pump,SUPPORT,,  39 ,  27 ,  39 ,  50 
MILLER,"Welder, CO2",SUPPORT,,  10 ,  8 ,  10 ,  12 
MILLER,Sump Pump,SUPPORT,,  39 ,  27 ,  39 ,  50 
MF420EXHV,"PUMP, MULTIFLO, MF420EXHV, CAT C27",SUPPORT,,  45 ,  36 ,  45 ,  54 
MF420A05Y-IMP,"WATER PUMP, Multiflo, MF420A05Y-IMP",SUPPORT,,  45 ,  36 ,  45 ,  54 
MF420,"PUMP, MULTIFLO, MF420[c/w16MA0110]",SUPPORT,,  45 ,  36 ,  45 ,  54 
MF385HP,"PUMP, DEWATERING, WEIR, MF385HP, CAT C13",SUPPORT,,  45 ,  36 ,  45 ,  54 
MF290,"PUMP, MULTIFLO, MF290[c/w16MA0120]",SUPPORT,,  45 ,  36 ,  45 ,  54 
Mercy,Arocs 4040K,HAULING,,  24 ,  18 ,  24 ,  32 
Mercy,Arocs 4042K,HAULING,,  24 ,  18 ,  24 ,  32 
Mercy,Arocs 4845K,HAULING,,  24 ,  18 ,  24 ,  32 
MERCEDES BENZ,ACTROSS 3939,HAULING,,  30 ,  24 ,  30 ,  36 
MERCEDES BENZ,AROCS 4042,HAULING,,  24 ,  18 ,  24 ,  32 
MERCEDES BENZ,ACTROSS 4843,HAULING,,  30 ,  24 ,  30 ,  36 
MERCEDES BENZ,AROCS 4845,HAULING,,  24 ,  18 ,  24 ,  32 
MD6290,"DRILLING, CRAWLER, CATERPILLAR, MD6290",SUPPORT,,  110 ,  88 ,  110 ,  132 
MB2528CH-FT,"FUEL TRUCK, MERCEDES-BENZ, MB2528CH-FT",SUPPORT,,  30 ,  24 ,  30 ,  36 
MB AXOR 2528CX,"WATER TRUCK, MERCEDES BENZ, MB AXOR 2528CX",SUPPORT,,  30 ,  24 ,  30 ,  36 
Manitou,MT 1740 SLT,SUPPORT,,  10 ,  8 ,  10 ,  12 
Manitou,MT-X1840 E3,SUPPORT,,  10 ,  8 ,  10 ,  12 
Manitou,MT1440,SUPPORT,,  10 ,  8 ,  10 ,  12 
MANITOU,Maniscopic (New),SUPPORT,,  10 ,  8 ,  10 ,  12 
MANITOU,Forklift,SUPPORT,,  9 ,  7 ,  9 ,  11 
LTM 1055-3.2,"CRANE, WHEEL, LIEBHERR, LTM 1055-3.2 55T",SUPPORT,,  10 ,  8 ,  10 ,  12 
LSA 6X8-25,"PUMP, KSB, LSA 6X6-25, CAT C27",SUPPORT,Water Pump,  40 ,  23 ,  40 ,  63 
LSA 6X8-25,"PUMP, KSB, LSA 6X8-25, CAT C27",SUPPORT,Water Pump,  40 ,  23 ,  40 ,  63 
"LOWBOY ,80T","TRAILER, LOWBOY, SSB",SUPPORT,,  50 ,  40 ,  50 ,  60 
LCC-H200-610.5K AB M1,"WATER PUMP, Volvo Penta KSB, LCC-H200-610.5K AB M1",SUPPORT,,  30 ,  24 ,  30 ,  36 
KUBOTA,Mega Tower,SUPPORT,,  1 ,  1 ,  1 ,  1 
KUBOTA,Mini Tower,SUPPORT,,  1 ,  1 ,  1 ,  1 
KSB,Water Pump,SUPPORT,,  12 ,  8 ,  12 ,  15 
KOMATSU,HD785-7,HAULING,,  77 ,  58 ,  77 ,  93 
KOMATSU,PC2000-8,LOADING,,  100 ,  84 ,  100 ,  147 
KOMATSU,D 85 E-SS DZ,SUPPORT,,  27 ,  18 ,  27 ,  37 
KOMATSU,D155A-6,SUPPORT,,  34 ,  23 ,  34 ,  46 
KOMATSU,GD535-5 MG,SUPPORT,,  11 ,  8 ,  11 ,  17 
KOMATSU,GD825A-2,SUPPORT,,  27 ,  18 ,  27 ,  35 
KOMATSU,PC200-8MO,SUPPORT,,  12 ,  8 ,  12 ,  19 
KOMATSU,PC400LCSE-8R,SUPPORT,,  32 ,  26 ,  32 ,  48 
Komatsu,D85ESS-2,SUPPORT,,  27 ,  18 ,  27 ,  37 
Komatsu,D155A-6,SUPPORT,,  34 ,  23 ,  34 ,  46 
Komatsu,GD 535,SUPPORT,,  11 ,  8 ,  11 ,  17 
Komatsu,PC-200-10,SUPPORT,,  12 ,  8 ,  12 ,  19 
KOMATSU,HD4657RPM,HAULING,,  47 ,  33 ,  47 ,  66 
KOMATSU,HD7857WT,HAULING,1308,  77 ,  58 ,  77 ,  93 
KOMATSU,HD7857MUD,HAULING,1308,  77 ,  58 ,  77 ,  93 
KOMATSU,HD7857,HAULING,1308,  77 ,  58 ,  77 ,  93 
KOMATSU,HD7858,HAULING,1308,  77 ,  58 ,  77 ,  93 
KOMATSU,D155A6R,HAULING,,  29 ,  17 ,  29 ,  40 
KOMATSU,D155A-6R,HAULING,,  29 ,  17 ,  29 ,  40 
KOMATSU,D375A-6R,HAULING,,  64 ,  47 ,  64 ,  80 
KOMATSU,PC1250SP8,LOADING,,  64 ,  52 ,  64 ,  87 
KOMATSU,PC1250-11R,LOADING,,  59 ,  48 ,  59 ,  81 
KOMATSU,EX12006,LOADING,,  65 ,  50 ,  65 ,  80 
KOMATSU,PC2000-8,LOADING,,  100 ,  84 ,  100 ,  147 
KOMATSU,PC2000-11R,LOADING,,  100 ,  84 ,  100 ,  147 
KOMATSU,PC8508R1,LOADING,,  38 ,  30 ,  38 ,  55 
KOMATSU,PC400SE8,LOADING,,  29 ,  23 ,  29 ,  40 
KOMATSU,PC3400,LOADING,,  195 ,  145 ,  195 ,  235 
KOMATSU,GD825A-2,SUPPORT,,  27 ,  18 ,  27 ,  35 
KOMATSU,PC1250-11,LOADING,,  59 ,  48 ,  59 ,  81 
KOMATSU,HD7857FLEXY,HAULING,1308,  77 ,  58 ,  77 ,  93 
KOMATSU,D155A6A,SUPPORT,,  29 ,  17 ,  29 ,  40 
KOMATSU,WA380,SUPPORT,,  17 ,  13 ,  17 ,  22 
KOMATSU,Water Truck,SUPPORT,1308,  69 ,  48 ,  69 ,  93 
KOMATSU,DZ85-SS,SUPPORT,,  21 ,  13 ,  21 ,  29 
KOMATSU,PC300-8,LOADING,,  21 ,  13 ,  21 ,  30 
KOMATSU,PC 210,LOADING,,  10 ,  6 ,  10 ,  14 
KOMATSU,PC300-8,LOADING,,  21 ,  13 ,  21 ,  30 
KOMATSU,PC 300-8,LOADING,,  21 ,  13 ,  21 ,  30 
KOMATSU,Forklift,SUPPORT,,  9 ,  7 ,  9 ,  11 
KOMATSU,Tyre Handler,SUPPORT,,  19 ,  12 ,  19 ,  26 
KOMATSU,ANFO Truck,SUPPORT,,  11 ,  9 ,  11 ,  13 
KOMATSU,Prime Mover,SUPPORT,,  39 ,  25 ,  39 ,  53 
KIA,KIA,SUPPORT,,  1 ,  1 ,  1 ,  1 
KAESER,"COMPRESSOR, DIESEL, KAESER, M100, 180CFM, 10 BAR",SUPPORT,,  5 ,  4 ,  5 ,  6 
KAESER,"COMPRESSOR, DSL, KAESER, M100",SUPPORT,,  5 ,  4 ,  5 ,  6 
KAESER,"COMPRESSOR, DSL,KAESER, M31",SUPPORT,,  5 ,  4 ,  5 ,  6 
KAESER,"COMPRESSOR, ELC, KAESER, BSD75T/10",SUPPORT,,  5 ,  4 ,  5 ,  6 
KAESER,"COMPRESSOR, ELECTRIC,KAESER, BSD75T/10, 175FCM",SUPPORT,,  5 ,  4 ,  5 ,  6 
KAESER,"COMPRESSOR, KAESER, M31, PORTABLE",SUPPORT,,  5 ,  4 ,  5 ,  6 
KAESER,Air Compressor,SUPPORT,,  12 ,  10 ,  12 ,  14 
ISUZU FVZ 285,FCR34L 285PS FT,SUPPORT,,  10 ,  8 ,  10 ,  12 
ISUZU FVZ 285,FCR34L 285PS WT,SUPPORT,,  10 ,  8 ,  10 ,  12 
ISUZU,NMR 71,SUPPORT,,  9 ,  7 ,  9 ,  10 
ISUZU,FVZ34NHP61011L2S,SUPPORT,,  1 ,  1 ,  1 ,  1 
ISUZU,NQR71ECE2-1 - ISUZU MBBIS,SUPPORT,,  1 ,  1 ,  1 ,  1 
ISUZU,NQR 71 EC,SUPPORT,,  1 ,  1 ,  1 ,  1 
ISUZU,FVR 245,SUPPORT,,  18 ,  14 ,  18 ,  22 
ISUZU,FVR 285,SUPPORT,,  18 ,  14 ,  18 ,  22 
ING - RAND,Air Compressor,SUPPORT,,  12 ,  10 ,  12 ,  14 
HYUNDAI,HYUNDAI,SUPPORT,,  1 ,  1 ,  1 ,  1 
HYUNDAI,"EXCAVATOR, HYUNDAI, HX500L, 50T (77EX0121)",LOADING,,  32 ,  26 ,  32 ,  38 
HYUNDAI,"EXCAVATOR, HYUNDAI, HX500L, 50T (77EX0122)",LOADING,,  32 ,  26 ,  32 ,  38 
HYUNDAI,"EXCAVATOR,HYUNDAI, HX500L,50T (77EX0123)",LOADING,,  32 ,  26 ,  32 ,  38 
HYUNDAI,"EXCAVATOR,HYUNDAI, HX500L,50T (77EX0124)",LOADING,,  32 ,  26 ,  32 ,  38 
HYUNDAI,Hyundai,SUPPORT,,  10 ,  8 ,  10 ,  12 
HYUNDAI,Robex 210W-9S,SUPPORT,,  10 ,  8 ,  10 ,  12 
HYUNDAI,"EXCAVATOR, HYUNDAI, HX500L, 50T (77EX0121)",LOADING,,  30 ,  24 ,  30 ,  36 
HYUNDAI,"EXCAVATOR, HYUNDAI, HX500L, 50T (77EX0122)",LOADING,,  30 ,  24 ,  30 ,  36 
HYUNDAI,"EXCAVATOR,HYUNDAI, HX500L,50T (77EX0123)",LOADING,,  30 ,  24 ,  30 ,  36 
HYUNDAI,"EXCAVATOR,HYUNDAI, HX500L,50T (77EX0124)",LOADING,,  30 ,  24 ,  30 ,  36 
HYUNDAI,"WHEEL, HYUNDAI, ROBLOX210W-9S",SUPPORT,,  5 ,  4 ,  5 ,  6 
HYDROVANE,Air Compressor,SUPPORT,,  12 ,  10 ,  12 ,  14 
HT60P,"GENSET, HARTECH, HT60P, 60KVA",SUPPORT,,  2 ,  2 ,  2 ,  3 
HT60,"GENSET, HARTECH, HT35 Y",SUPPORT,,  2 ,  2 ,  2 ,  3 
HT45P,"GENSET, HARTECH, HT45P",SUPPORT,,  2 ,  2 ,  2 ,  3 
HT20Y,"GENSET, HARTECH, HT20Y",SUPPORT,,  2 ,  2 ,  2 ,  3 
HT10Y,"GENSET, HARTECH, HT10Y",SUPPORT,,  2 ,  2 ,  2 ,  3 
HT 13.5P,"GENSET, HARTECH, HT13.5P, 13.5KVA",SUPPORT,,  2 ,  2 ,  2 ,  3 
HT 10 Y,"GENSET, HARTECH, HT10Y",SUPPORT,,  2 ,  2 ,  2 ,  3 
HITACHI,ZX470LC-5G,LOADING,,  30 ,  24 ,  30 ,  36 
HITACHI,ZX890LCH-79,LOADING,,  30 ,  24 ,  30 ,  36 
HITACHI,"EXCAVATOR,  HITACHI, ZX470LC-5G, 40T",LOADING,,  32 ,  26 ,  32 ,  38 
HITACHI,"EXCAVATOR, HITACHI, ZX470LC-5G",LOADING,,  32 ,  26 ,  32 ,  38 
HITACHI,"EXCAVATOR,  HITACHI, ZX490LC-7G",LOADING,,  32 ,  26 ,  32 ,  38 
HITACHI,"EXCAVATOR, HITACHI, ZX470LC-5G",LOADING,,  32 ,  26 ,  32 ,  38 
HITACHI,EX1200-6C,LOADING,,  70 ,  56 ,  70 ,  84 
HITACHI,EX1900-6,LOADING,,  100 ,  80 ,  100 ,  119 
HITACHI,EX2500-5,LOADING,,  125 ,  100 ,  125 ,  150 
HITACHI,EX2500-6,LOADING,,  125 ,  100 ,  125 ,  150 
HITACHI,EX2600-6,LOADING,,  187 ,  145 ,  187 ,  230 
HITACHI,ZX 470 LC-5G,LOADING,,  28 ,  22 ,  28 ,  33 
HITACHI,"EXCAVATOR,  HITACHI, ZX470LC-5G, 40T",LOADING,,  35 ,  28 ,  35 ,  42 
HITACHI,"EXCAVATOR,  HITACHI, ZX490LC-7G",LOADING,,  35 ,  28 ,  35 ,  42 
HITACHI,"EXCAVATOR, HITACHI, ZX470LC-5G",LOADING,,  35 ,  28 ,  35 ,  42 
HITACHI,"EXCAVATOR, HITACHI, ZX470LC-5G, 40T",LOADING,,  35 ,  28 ,  35 ,  42 
HITACHI,ZX 470 LC-5G,LOADING,,  35 ,  28 ,  35 ,  42 
HITACHI,ZX210F-5G,LOADING,,  10 ,  8 ,  10 ,  12 
HITACHI,"EXCAVATOR, BACKHOE, HITACHI, ZX350H-7G,",SUPPORT,,  25 ,  20 ,  25 ,  30 
HITACHI,"EXCAVATOR, HITACHI, ZX350H-5G, 30T",SUPPORT,,  25 ,  20 ,  25 ,  30 
HITACHI,"EXCAVATOR, HITACHI, ZX350H-5G, 30T (77EX0112)",SUPPORT,,  25 ,  20 ,  25 ,  30 
HITACHI,"EXCAVATOR, HITACHI, ZX350H-5G, 30T (77EX0113)",SUPPORT,,  25 ,  20 ,  25 ,  30 
HITACHI,"EXCAVATOR, HITACHI, ZX350H-5G, 30T (77EX0114)",SUPPORT,,  25 ,  20 ,  25 ,  30 
HITACHI,"EXCAVATOR, HITACHI, ZX350H-5G, 30T (77EX0115)",SUPPORT,,  25 ,  20 ,  25 ,  30 
HITACHI,"EXCAVATOR, HITACHI, ZX350H-5G, 30T (77EX0116)",SUPPORT,,  25 ,  20 ,  25 ,  30 
Hitachi,ZX-470-LC,LOADING,,  27 ,  17 ,  27 ,  34 
Hitachi,ZX-490-LC,LOADING,,  28 ,  19 ,  28 ,  36 
Hitachi,ZX-350,LOADING,,  25 ,  20 ,  25 ,  30 
HITACHI,EX2600,LOADING,,  187 ,  145 ,  187 ,  230 
Hino FM360,Hino,SUPPORT,,  15 ,  12 ,  15 ,  18 
Hino FM260JD,Hino,SUPPORT,,  15 ,  12 ,  15 ,  18 
HINO,FM8JNKD-MGJ MT,SUPPORT,,  15 ,  12 ,  15 ,  18 
HINO,260 TI,SUPPORT,,  15 ,  12 ,  15 ,  18 
HINO,PC 200-8,SUPPORT,,  12 ,  9 ,  12 ,  14 
HILUX,"LV, TOYOTA HILUX, 4X4, Type E (ADM02)",SUPPORT,,  1 ,  1 ,  1 ,  1 
HILUX,"LV, TOYOTA HILUX, 4X4, Type E (ADM04)",SUPPORT,,  1 ,  1 ,  1 ,  1 
HILUX,"LV, TOYOTA HILUX, 4X4, Type E (AMG01)",SUPPORT,,  1 ,  1 ,  1 ,  1 
HILUX,"LV, TOYOTA HILUX, 4X4, Type E (AMG07)",SUPPORT,,  1 ,  1 ,  1 ,  1 
HILUX,"LV, TOYOTA HILUX, 4X4, Type E (AMG09)",SUPPORT,,  1 ,  1 ,  1 ,  1 
HILUX,"LV, TOYOTA HILUX, 4X4, Type G (AMG12)",SUPPORT,,  1 ,  1 ,  1 ,  1 
HILUX,"TOYOTA HILUX, 4X4, Type E (AMG05)",SUPPORT,,  1 ,  1 ,  1 ,  1 
HILUX,"TOYOTA HILUX, 4X4, Type E (SCM01)",SUPPORT,,  1 ,  1 ,  1 ,  1 
HILUX,"TOYOTA HILUX, 4X4, Type G (ENG03)",SUPPORT,,  1 ,  1 ,  1 ,  1 
HD9 4442 80,"TRUCK, MANHAUL, IVECO, ASTRA HD9420, 4X4",SUPPORT,,  30 ,  24 ,  30 ,  36 
HD9 4442 80,"TRUCK, MANHAUL, IVECO, HD94442, 4X4",SUPPORT,,  30 ,  24 ,  30 ,  36 
HD9 4442 80,"TRUCK, SERVICE, IVECO, ASTRA HD9420, 4X4",SUPPORT,,  30 ,  24 ,  30 ,  36 
HD785-7,"TRUCK, DUMP, KOMATSU, HD785-7",HAULING,,  77 ,  58 ,  77 ,  93 
HCR1200-EDII,"DRILLING MACHINE, FRD, HCR1200-EDII",SUPPORT,,  100 ,  80 ,  100 ,  120 
HARTECH,HT 150 P,SUPPORT,,  31 ,  25 ,  31 ,  37 
HARTECH,HT 80 P,SUPPORT,,  20 ,  16 ,  20 ,  24 
Genset,J320,SUPPORT,,  1 ,  1 ,  1 ,  1 
Genset,KJT130,SUPPORT,,  22 ,  18 ,  22 ,  26 
GDP60YS,"GENSET, YANMAR,GDP60YS, 60KVA",SUPPORT,,  5 ,  4 ,  5 ,  6 
GD705A-5,"GRADER, KOMATSU, GD705A-5",SUPPORT,,  19 ,  14 ,  19 ,  31 
FUSHENG,Air Compressor,SUPPORT,,  12 ,  10 ,  12 ,  14 
FORTUNER 2.4 VRZ,"LV, Fortuner, 2.4 VRZ, 4x4 , PM 01",SUPPORT,,  1 ,  1 ,  1 ,  1 
Forklift,FD50T-8,SUPPORT,,  6 ,  5 ,  6 ,  7 
Forklift,FD30C,SUPPORT,,  4 ,  3 ,  4 ,  4 
Forklift,FD30T,SUPPORT,,  4 ,  3 ,  4 ,  4 
FMX480,"LOWBOY, VOLVO, FMX480",SUPPORT,,  35 ,  28 ,  35 ,  42 
FMX-440 8X4,"TRUCK, DUMP, VOLVO, FMX-440 8X4",HAULING,,  30 ,  24 ,  30 ,  36 
FMX440,"TRUCK, CRANE, VOLVO, FMX440, 6X6, 15T",SUPPORT,,  26 ,  21 ,  26 ,  31 
FMX440,"TRUCK, FUEL, VOLVO, FMX440, 6X6 25KL",SUPPORT,,  26 ,  21 ,  26 ,  31 
FMX440,"TRUCK, FUEL, VOLVO, FMX440, 6X6, 25KL",SUPPORT,,  26 ,  21 ,  26 ,  31 
FMX440,"TRUCK, P-MOVER, VOLVO, FMX440, 6X6",SUPPORT,,  26 ,  21 ,  26 ,  31 
FMX440,"TRUCK, SERVICE, VOLVO, FMX440, 6X6",SUPPORT,,  26 ,  21 ,  26 ,  31 
FMX440,"TRUCK, WASH, VOLVO, FMX440, 6X6, 20KL",SUPPORT,,  26 ,  21 ,  26 ,  31 
FMX440,"TRUCK, WELDING, VOLVO, FMX440, 6X6",SUPPORT,,  26 ,  21 ,  26 ,  31 
FMX-400 6x4,"TRUCK, DUMP, VOLVO, FMX-400 6x4",HAULING,,  26 ,  21 ,  26 ,  31 
FMX330,"TRUCK, MANHAUL, VOLVO, FMX330, 4X4, 40 SEAT",SUPPORT,,  26 ,  21 ,  26 ,  31 
FM66R,"TRUCK, CRANE, VOLVO, FM66R, 6X6",SUPPORT,,  26 ,  21 ,  26 ,  31 
FM260JD,"LUBE TRUCK, HINO, FM260JD",SUPPORT,,  35 ,  28 ,  35 ,  42 
FM 66 R,"TRUCK, TIRE, VOLVO, FMX440, 6X6",SUPPORT,,  35 ,  28 ,  35 ,  42 
FB 30- - 12,FORKLIFT KOMATSU FB30-12,SUPPORT,,  125 ,  100 ,  125 ,  150 
EX2600,"EXCAVATOR, HITACHI, EX2600-6",LOADING,,  187 ,  145 ,  187 ,  230 
EX2600,"EXCAVATOR, HITACHI, EX2600-7",LOADING,,  187 ,  145 ,  187 ,  230 
EX2500,"EXCAVATOR, BACKHOE, HITACHI, EX2500-6",LOADING,,  125 ,  100 ,  125 ,  150 
EK1343-150 SS,"WATER PUMP, Volvo Penta KSB, EK1343-150 SS",SUPPORT,,  35 ,  28 ,  35 ,  42 
"EGS380-6, 350kVA","GENSET, KOMATSU, EGS380-6, 350KVA",SUPPORT,,  10 ,  8 ,  10 ,  12 
EGS380-6,"GENSET, KOMATSU, EGS380-6",SUPPORT,,  10 ,  8 ,  10 ,  12 
EGS380-6,"GENSET, KOMATSU, EGS380-6, 350KVA",SUPPORT,,  10 ,  8 ,  10 ,  12 
EGS380-6,"GENSET, KOMATSU, EGS380-6,350KVA",SUPPORT,,  10 ,  8 ,  10 ,  12 
EGS300-6,"GENSET, KOMATSU, EGS300-6, PRIME, SILENT, 275KVA",SUPPORT,,  10 ,  8 ,  10 ,  12 
EGS 380-6,"GENSET, KOMATSU, EGS380-6, PRIME, SILENT, 350KVA",SUPPORT,,  10 ,  8 ,  10 ,  12 
DT95,"TRUCK, DUMP, DEVELON, DT95",HAULING,,  30 ,  24 ,  30 ,  36 
Drilling Machine Komatsu,D50KS,SUPPORT,,  18 ,  14 ,  18 ,  21 
Drilling Machine Komatsu,D245X,SUPPORT,,  36 ,  29 ,  36 ,  44 
Drilling,SKF11,SUPPORT,,  30 ,  24 ,  30 ,  36 
Drilling,SKF50,SUPPORT,,  43 ,  34 ,  43 ,  51 
DREDGERPUMP12/10,Mud Pump,SUPPORT,,  64 ,  51 ,  64 ,  77 
DRAGFLOW 1204B,"1X PUMP, SLURRY, ELECTRIC, REL, DRAGFLOW 1204B",SUPPORT,,  64 ,  51 ,  64 ,  77 
DRAGFLOW 1204B,"PUMP, SLURRY, ELC, REL, DRAGFLOW 1204B",SUPPORT,,  64 ,  51 ,  64 ,  77 
DRAGFLOW,DRAGFLOW HY300,SUPPORT,,  40 ,  32 ,  40 ,  48 
DRAGFLOW,DRAGFLOW HY85/160B,SUPPORT,,  40 ,  32 ,  40 ,  48 
DOOSAN,DOOSAN,SUPPORT,,  1 ,  1 ,  1 ,  1 
DOOSAN,DX500LCA,LOADING,,  30 ,  24 ,  30 ,  36 
DOOSAN,DX520LCA,LOADING,,  30 ,  24 ,  30 ,  36 
DOOSAN,DX520LCA-K,LOADING,,  30 ,  24 ,  30 ,  36 
Doosan,D160S-5,SUPPORT,,  50 ,  40 ,  50 ,  60 
DOOSAN,DX300LCA,LOADING,,  17 ,  14 ,  17 ,  20 
DOOSAN,DX500LCA,LOADING,,  28 ,  22 ,  28 ,  34 
DOOSAN,DX520LCA,LOADING,,  28 ,  22 ,  28 ,  34 
DOOSAN,LSCWKUB-60HZ-T4F,SUPPORT,,  1 ,  1 ,  1 ,  1 
DND200-MHX,"PUMP, KSB, DND200-MHX, CAT C27",SUPPORT,,  20 ,  16 ,  20 ,  24 
DND200,"PUMP, DEWATERING, KSB, DND200-5HX",SUPPORT,,  20 ,  16 ,  20 ,  24 
DND200,"PUMP, DND200 c/w PONTOON 16MA0101",SUPPORT,,  20 ,  16 ,  20 ,  24 
DND200,"PUMP, DND200 c/w PONTOON 16MA0108",SUPPORT,,  20 ,  16 ,  20 ,  24 
DND 150,"PUMP, BOOSTER, KSB, DND 150, CAT C15",SUPPORT,,  20 ,  16 ,  20 ,  24 
DND 150,"PUMP, DEWATERING, KSB, DND 150, CAT C15",SUPPORT,,  20 ,  16 ,  20 ,  24 
DND 150,"PUMP, KSB, DND150, BOOSTER, CAT C15",SUPPORT,,  20 ,  16 ,  20 ,  24 
DM30XC,"DRILLING, ROTARY, EPIROC, DM30 XC",SUPPORT,,  78 ,  62 ,  78 ,  93 
DM30 II LP,"DRILLING MACHINE, EPIROC, DM30 II LP",SUPPORT,,  100 ,  80 ,  100 ,  120 
DE220E0,"GENSET, CAT, DE220, PRIME, SILENT, 200Kva",SUPPORT,,  10 ,  8 ,  10 ,  12 
DE110,"GENSET, CAT, DE110, PRIME, 100KVA",SUPPORT,,  10 ,  8 ,  10 ,  12 
DAEWOO,DAEWOO,SUPPORT,,  1 ,  1 ,  1 ,  1 
Daewoo,D-100,SUPPORT,,  50 ,  40 ,  50 ,  60 
Daewoo,K6D6F (CT),SUPPORT,,  50 ,  40 ,  50 ,  60 
DAEWO,DAEWO,SUPPORT,,  1 ,  1 ,  1 ,  1 
D9T,"DOZER, TRACK, CAT, D9T",SUPPORT,,  53 ,  42 ,  53 ,  63 
D9T,"DOZER, TRACK, CATERPILLAR, D9T, RIPPER",SUPPORT,,  53 ,  42 ,  53 ,  63 
D8R,"DOZER, TRACK, CAT, D8R",SUPPORT,,  45 ,  36 ,  45 ,  54 
D8R,"DOZER, TRACK, CATERPILLAR, D8R, RIPPER",SUPPORT,,  45 ,  36 ,  45 ,  54 
D85ESS-2,"DOZER, KOMATSU, D85ESS-2",SUPPORT,,  24 ,  14 ,  24 ,  34 
D245S,"DRILLING, ROTARY, SANDVIK, D245S, 9M",SUPPORT,,  100 ,  80 ,  100 ,  120 
D155A-6,"DOZER, KOMATSU, D155A-6",SUPPORT,,  30 ,  16 ,  30 ,  40 
CWB6BLLDN2,"WATER TRUCK, NISSAN QUON, CWB6BLLDN2",SUPPORT,,  24 ,  19 ,  24 ,  29 
CUMMINS,WS-6900XD 6X4 ,HAULING,,  38 ,  35 ,  38 ,  41 
CUMMINS,WS-6964SX,HAULING,,  38 ,  35 ,  38 ,  41 
Crusher,C125B,SUPPORT,,  35 ,  28 ,  35 ,  42 
Crawler Hitachi,TR500EX,SUPPORT,,  20 ,  16 ,  20 ,  24 
CLGLD36D,"DOZER, LIU GONG, CLGLD36D",SUPPORT,,  40 ,  32 ,  40 ,  48 
CLG835HM,"TYRE HANDLER, LIU GONG, CLG835HM",SUPPORT,,  10 ,  8 ,  10 ,  12 
CLG4260D-R,"GRADER, LIU GONG, CLG4260D-R",SUPPORT,,  20 ,  16 ,  20 ,  24 
CLG4140D,"GRADER, LIU GONG, CLG4140D",SUPPORT,,  20 ,  16 ,  20 ,  24 
CATTERPILAR,CAT14M3,SUPPORT,,  16 ,  11 ,  16 ,  23 
CATERPILLAR C-12,SYKES XH-150,SUPPORT,,  50 ,  40 ,  50 ,  60 
Caterpillar,773E,HAULING,,  65 ,  45 ,  65 ,  88 
Caterpillar,777D,HAULING,,  65 ,  45 ,  65 ,  88 
Caterpillar,777E,HAULING,,  65 ,  45 ,  65 ,  88 
Caterpillar,14H,SUPPORT,,  50 ,  37 ,  50 ,  63 
Caterpillar,14M,SUPPORT,,  16 ,  11 ,  16 ,  23 
Caterpillar,16H,SUPPORT,,  31 ,  23 ,  31 ,  40 
Caterpillar,16M,SUPPORT,,  16 ,  11 ,  16 ,  23 
Caterpillar,340D2L,SUPPORT,,  30 ,  24 ,  30 ,  36 
Caterpillar,CAT-3306,SUPPORT,,  30 ,  24 ,  30 ,  36 
Caterpillar,D10R,SUPPORT,,  30 ,  24 ,  30 ,  36 
Caterpillar,D6R2 XL,SUPPORT,,  30 ,  24 ,  30 ,  36 
Caterpillar,D7G2,SUPPORT,,  30 ,  24 ,  30 ,  36 
Caterpillar,D9R,SUPPORT,,  65 ,  52 ,  65 ,  78 
CAT  C - 16,WS-6964SX,HAULING,,  38 ,  35 ,  38 ,  41 
C38D5,"GENSET, CUMMINS, C38D5, 35 KVA",SUPPORT,,  2 ,  2 ,  2 ,  3 
BW211D-40 9,"COMPACTOR, KOMATSU, BW211D-40 9",SUPPORT,,  10 ,  8 ,  10 ,  12 
BUS,"BIG BUS MERCEDES BENZ, CAPACITY 59 SEAT 4X2 (B.01)",SUPPORT,,  1 ,  1 ,  1 ,  1 
BUS,"BIG BUS MERCEDES BENZ, CAPACITY 59 SEAT 4X2 (B.02)",SUPPORT,,  1 ,  1 ,  1 ,  1 
BUS,"Minibus,Mitsubishi,4x4,Cap. 29 seats",SUPPORT,,  1 ,  1 ,  1 ,  1 
Bomag212,Compactor,SUPPORT,,  12 ,  9 ,  12 ,  15 
Bomag,BW211D-40,SUPPORT,,  12 ,  10 ,  12 ,  14 
BERCA POWER,BF-C110S,SUPPORT,,  14 ,  11 ,  14 ,  17 
AXOR MB2528CX-E4,"CRANE TRUCK, MERCEDES-BENZ, AXOR MB2528CX-E4",SUPPORT,,  30 ,  24 ,  30 ,  36 
AXOR 2528CH 6X4,"FUEL TRUCK, MERCEDES-BENZ, AXOR 2528CH 6X4",SUPPORT,,  24 ,  19 ,  24 ,  29 
ATLAS COPCO,"COMPRESSOR, ATLAS COPCO, GA 30FF-10",SUPPORT,,  5 ,  4 ,  5 ,  6 
ATLAS COPCO,"COMPRESSOR, ATLAS COPCO, XAS 300 DD7",SUPPORT,,  5 ,  4 ,  5 ,  6 
ATLAS COPCO,"COMPRESSOR, ATLAS COPCO, XAS 300 KD7",SUPPORT,,  5 ,  4 ,  5 ,  6 
ATLAS COPCO,"COMPRESSOR, ATLAS COPCO, XAS 47 DD",SUPPORT,,  5 ,  4 ,  5 ,  6 
ATLAS COPCO,"COMPRESSOR, ATLAS COPCO, XAS 90 DD",SUPPORT,,  5 ,  4 ,  5 ,  6 
ATLAS COPCO,"COMPRESSOR, ATLAS COPCP, XAS 300 DD7",SUPPORT,,  5 ,  4 ,  5 ,  6 
ATLAS COPCO,"COMPRESSOR, DSL, ATLAS COPCO, XAS137KD7",SUPPORT,,  5 ,  4 ,  5 ,  6 
ATLAS COPCO,"COMPRESSOR, DSL, ATLAS COPCO, XAS300DD7",SUPPORT,,  5 ,  4 ,  5 ,  6 
ATLAS COPCO,"COMPRESSOR, DSL, ATLAS COPCO, XAS48KD",SUPPORT,,  5 ,  4 ,  5 ,  6 
ATLAS COPCO,"COMPRESSOR, DSL, ATLAS COPCO, XAS90DD7",SUPPORT,,  5 ,  4 ,  5 ,  6 
ATLAS COPCO,G15-22P FM,SUPPORT,,  30 ,  24 ,  30 ,  36 
ATLAS COPCO,G15P A 10 FM,SUPPORT,,  30 ,  24 ,  30 ,  36 
ATLAS COPCO,TOWER LAMP. QLT M10,SUPPORT,,  1 ,  1 ,  1 ,  1 
ATLAS COPCO,XAHS38 Kd,SUPPORT,,  13 ,  10 ,  13 ,  16 
ATLAS COPCO,Air Compressor,SUPPORT,,  12 ,  10 ,  12 ,  14 
ALLMAKES,"LIGHTING TOWER, ALLMAKES, LED, TL4",SUPPORT,,  1 ,  1 ,  1 ,  1 
ALLMAKES,AM-LTM-4000KS,SUPPORT,,  1 ,  1 ,  1 ,  1 
AD410T44H,"TRUCK, WATER, IVECO, TRAKKER 440, 8X4",SUPPORT,,  24 ,  19 ,  24 ,  29 
AD380T44W,"TRUCK, CRANE, IVECO, TRAKKER, AD380T44W,",SUPPORT,,  24 ,  19 ,  24 ,  29 
AD380T44W,"TRUCK, FUEL, IVECO, TRAKKER 440, 6X6 25KL",SUPPORT,,  24 ,  19 ,  24 ,  29 
AD380T44W,"TRUCK, WASH, IVECO, AD380T44W, 6X6, 20KL",SUPPORT,,  24 ,  19 ,  24 ,  29 
AD380T44W,"TRUCK, WATER, IVECO, TRAKKER 440, 8X4",SUPPORT,,  24 ,  19 ,  24 ,  29 
AD240T38W,"TRUCK, MANHAUL, IVECO, AD240T38W, 4X4, C",SUPPORT,,  24 ,  19 ,  24 ,  29 
AD240T38W,"TRUCK, MANHAUL, IVECO, TRAKKER 380, 4X4",SUPPORT,,  24 ,  19 ,  24 ,  29 
ACTROS MB3939K,"FUEL TRUCK, MERCEDES-BENZ, ACTROS MB3939K",SUPPORT,,  15 ,  12 ,  15 ,  18 
966H,"LOADER, WHEEL, CAT, 966H",SUPPORT,,  50 ,  40 ,  50 ,  60 
966H,"LOADER, WHEEL, CATERPILLAR, 966H",SUPPORT,,  50 ,  40 ,  50 ,  60 
966F,"LOADER, WHEEL, CAT, 966F",SUPPORT,,  50 ,  40 ,  50 ,  60 
777E,"TRUCK, DUMP, CAT, 777E",HAULING,,  65 ,  45 ,  65 ,  88 
777E,"TRUCK, DUMP, CATERPILLAR, 777E, 100T",HAULING,,  65 ,  45 ,  65 ,  88 
777D,"TRUCK, DUMP, CAT, 777D",HAULING,,  65 ,  45 ,  65 ,  88 
777D,"TRUCK, WATER, CATERPILLAR, 777D, 80KL",SUPPORT,,  65 ,  45 ,  65 ,  88 
600X,"WELDER, DIESEL, MILLER, BIG BLUE, 600X",SUPPORT,,  10 ,  8 ,  10 ,  12 
600X,"WELDING, DIESEL, MILLER, BIG BLUE, 600X",SUPPORT,,  10 ,  8 ,  10 ,  12 
405-S,"WELDING, ELECTRIC, MILLER, 405-S",SUPPORT,,  10 ,  8 ,  10 ,  12 
401DX,"WELDING, DIESEL, MILLER, BIG BLUE, 401DX",SUPPORT,,  10 ,  8 ,  10 ,  12 
160K,"GRADER, CATERPILLAR, 160K",SUPPORT,,  30 ,  24 ,  30 ,  36 
14M,"GRADER, CAT, 14, 16FT",SUPPORT,,  27 ,  21 ,  27 ,  32 
14M,"GRADER, CAT, 14M3",SUPPORT,,  27 ,  21 ,  27 ,  32 
14M,"GRADER, CATERPILLAR, 14M3",SUPPORT,,  16 ,  11 ,  16 ,  23 
XH 200,"WATER PUMP, Coates,  XH 200",SUPPORT,,  20 ,  16 ,  20 ,  24 
TWM06367,"PUMP, KSB, LSA 6X8-25, CAT C27, 16PU2382",SUPPORT,Water Pump,  40 ,  23 ,  40 ,  63 
777,"TRUCK, DUMP, CAT, 777, 100T",HAULING,,  65 ,  45 ,  65 ,  88 
HITACHI,Excavator-Hitachi-ZX470LC-5G,LOADING,,  27 ,  17 ,  27 ,  34 
MERCEDES-BENZ,Dump Truck 10 Roda - Mercedes-benz - AROCS 4040K,HAULING,,  24 ,  18 ,  24 ,  32 
VOLVO ,Dump Truck 10 Roda - Volvo - FMX-400 6x4,HAULING,,  26 ,  21 ,  26 ,  31 
KOMATSU,Motor Grader - Komatsu - GD705-4,SUPPORT,,  16 ,  12 ,  16 ,  25 
KOMATSU,Bulldozer- Bulldozer - D85ESS,SUPPORT,,  24 ,  14 ,  24 ,  34 
MERCEDES-BENZ,Dump Truck 10 Roda - Mercedes-benz - AROCS 4040K,HAULING,,  24 ,  18 ,  24 ,  32 
VOLVO,Dump Truck 12 Roda - Volvo - FMX440,HAULING,,  17 ,  12 ,  17 ,  20 
VOLVO,Excavator-Volvo-EC210D,LOADING,,  15 ,  12 ,  15 ,  18 
VOLVO ,Dump Truck 10 Roda - Mercedes-benz - AROCS 4040K,HAULING,,  24 ,  18 ,  24 ,  32 
DOOSAN,Excavator-Doosan-DX300LCA,SUPPORT,,  10 ,  9 ,  10 ,  12 
LV PAMA,LV PAMA,SUPPORT,,  1 ,  1 ,  1 ,  1 
KOMATSU, PC8508R1 ,LOADING,PC 800,  38 ,  30 ,  38 ,  55 
Telehandler, JCB5AF-540-1 ,SUPPORT,Otherunit,  12 ,  10 ,  12 ,  14 
JCB,JCB540-170,,Forklift,  12 ,  6 ,  12 ,  14 
Telehandler,JCB5AF-540-1,SUPPORT,Otherunit,  12 ,  10 ,  12 ,  14 
CLGLD36D," DOZER, LIU GONG, CLGLD36D ",SUPPORT,Dozer36D,  40 ,  32 ,  40 ,  48 
D155A-6," DOZER, KOMATSU, D155A-6 ",SUPPORT,Dozer155,  33 ,  17 ,  33 ,  40 
D85ESS-2," DOZER, KOMATSU, D85ESS-2 ",SUPPORT,Dozer85ES,  30 ,  18 ,  30 ,  37 
D8R," DOZER, TRACK, CAT, D8R ",SUPPORT,Dozer8R,  45 ,  36 ,  45 ,  54 
D8R," DOZER, TRACK, CATERPILLAR, D8R, RIPPER ",SUPPORT,Dozer8R,  45 ,  36 ,  45 ,  54 
D9T," DOZER, TRACK, CAT, D9T ",SUPPORT,Dozer9R,  48 ,  41 ,  48 ,  56 
D9T," DOZER, TRACK, CATERPILLAR, D9T, RIPPER ",SUPPORT,Dozer9R,  48 ,  41 ,  48 ,  56 
Caterpillar, D10R ,SUPPORT,Dozer10R,  70 ,  60 ,  70 ,  83 
Caterpillar, D6R2 XL ,SUPPORT,Dozer6R,  24 ,  20 ,  24 ,  28 
Caterpillar, D7G2 ,SUPPORT,Dozer7R,  33 ,  28 ,  33 ,  38 
Caterpillar, D9R ,SUPPORT,Dozer9R,  48 ,  41 ,  48 ,  56 
KOMATSU, D 85 E-SS DZ ,SUPPORT,Dozer85ES,  30 ,  18 ,  30 ,  37 
KOMATSU, D155A-6 ,SUPPORT,Dozer155,  33 ,  17 ,  33 ,  40 
Komatsu, D85ESS-2 ,SUPPORT,Dozer85ES,  30 ,  18 ,  30 ,  37 
Komatsu, D155A-6 ,SUPPORT,Dozer155,  33 ,  17 ,  33 ,  40 
KOMATSU, D155A6R ,SUPPORT,Dozer155,  29 ,  17 ,  29 ,  40 
KOMATSU, D155A-6R ,SUPPORT,Dozer155,  29 ,  17 ,  29 ,  40 
KOMATSU, D375A-6R ,SUPPORT,Dozer375,  64 ,  47 ,  64 ,  80 
KOMATSU, D155A6A ,SUPPORT,Dozer155,  33 ,  17 ,  33 ,  40 
KOMATSU, DZ85-SS ,SUPPORT,Dozer85ES,  25 ,  13 ,  25 ,  29 
CAT,D10R,SUPPORT,Dozer10R,  70 ,  60 ,  70 ,  83 
CAT,D6R2 XL,SUPPORT,Dozer6R,  24 ,  20 ,  24 ,  28 
CAT,D7G2,SUPPORT,Dozer7R,  33 ,  28 ,  33 ,  38 
CAT,D9R,SUPPORT,Dozer9R,  48 ,  41 ,  48 ,  56 
LIU GONG,"DOZER, LIU GONG, CLGLD36D",SUPPORT,Dozer36D,  40 ,  32 ,  40 ,  48 
KOMATSU,"DOZER, KOMATSU, D155A-6",SUPPORT,Dozer155,  33 ,  17 ,  33 ,  40 
KOMATSU,"DOZER, KOMATSU, D85ESS-2",SUPPORT,Dozer85ES,  30 ,  18 ,  30 ,  37 
CAT,"DOZER, TRACK, CAT, D8R",SUPPORT,Dozer8R,  45 ,  36 ,  45 ,  54 
CAT,"DOZER, TRACK, CATERPILLAR, D8R, RIPPER",SUPPORT,Dozer8R,  45 ,  36 ,  45 ,  54 
CAT,"DOZER, TRACK, CAT, D9T",SUPPORT,Dozer9R,  48 ,  41 ,  48 ,  56 
CAT,"DOZER, TRACK, CATERPILLAR, D9T, RIPPER",SUPPORT,Dozer9R,  48 ,  41 ,  48 ,  56 
Doosan,D160S-5,SUPPORT,Dozer160,  50 ,  40 ,  50 ,  60 
KOMATSU,D 85 E-SS DZ,SUPPORT,Dozer85ES,  30 ,  18 ,  30 ,  37 
KOMATSU,D155A-6,SUPPORT,Dozer155,  33 ,  17 ,  33 ,  40 
Komatsu,D85ESS-2,SUPPORT,Dozer85ES,  30 ,  18 ,  30 ,  37 
Komatsu,D155A-6,SUPPORT,Dozer155,  33 ,  17 ,  33 ,  40 
KOMATSU,D155A6R,Support,Dozer155,  29 ,  17 ,  29 ,  40 
KOMATSU,D155A-6R,Support,Dozer155,  29 ,  17 ,  29 ,  40 
KOMATSU,D375A-6R,Support,Dozer375,  67 ,  47 ,  67 ,  80 
KOMATSU,D155A6A,SUPPORT,Dozer155,  33 ,  17 ,  33 ,  40 
KOMATSU,DZ85-SS,SUPPORT,Dozer85ES,  25 ,  13 ,  25 ,  29 
KOMATSU,Bulldozer- Bulldozer - D85ESS,SUPPORT,Dozer85ES,  30 ,  18 ,  30 ,  37 
Komatsu,D85ESS-BMC,SUPPORT,Dozer85ES,  30 ,  18 ,  30 ,  37 
Komatsu,D85ESS-EBS,SUPPORT,Dozer85ES,  30 ,  18 ,  30 ,  37 
Komatsu,D85ESS-PJPN,SUPPORT,Dozer85ES,  30 ,  18 ,  30 ,  37 
Komatsu,D85ESS-REP,SUPPORT,Dozer85ES,  30 ,  18 ,  30 ,  37 
KOMATSU,D375A6R,SUPPORT,Dozer375,  67 ,  47 ,  67 ,  80 
14M," GRADER, CAT, 14, 16FT ",SUPPORT,Grader14M,  25 ,  18 ,  25 ,  33 
14M," GRADER, CAT, 14M3 ",SUPPORT,Grader14M,  25 ,  18 ,  25 ,  33 
14M," GRADER, CATERPILLAR, 14M3 ",SUPPORT,Grader14M,  25 ,  18 ,  25 ,  33 
160K," GRADER, CATERPILLAR, 160K ",SUPPORT,Grader16M,  31 ,  23 ,  31 ,  40 
CLG4140D," GRADER, LIU GONG, CLG4140D ",SUPPORT,GraderLiugong,  20 ,  16 ,  20 ,  24 
CLG4260D-R," GRADER, LIU GONG, CLG4260D-R ",SUPPORT,GraderLiugong,  20 ,  16 ,  20 ,  24 
GD705A-5," GRADER, KOMATSU, GD705A-5 ",SUPPORT,Grader705,  19 ,  14 ,  19 ,  31 
Caterpillar, 14H ,SUPPORT,Grader14M,  25 ,  18 ,  25 ,  33 
Caterpillar, 14M ,SUPPORT,Grader14M,  25 ,  18 ,  25 ,  33 
Caterpillar, 16H ,SUPPORT,Grader16M,  31 ,  23 ,  31 ,  40 
Caterpillar, 16M ,SUPPORT,Grader16M,  31 ,  23 ,  31 ,  40 
KOMATSU, GD535-5 MG ,SUPPORT,Grader535,  14 ,  8 ,  14 ,  17 
KOMATSU, GD825A-2 ,SUPPORT,Grader825,  31 ,  23 ,  31 ,  40 
SANY, STG230C-10S ,SUPPORT,GraderSunny,  10 ,  8 ,  10 ,  12 
Komatsu, GD 535 ,SUPPORT,Grader535,  14 ,  8 ,  14 ,  17 
KOMATSU, GD825A-2 ,SUPPORT,Grader825,  27 ,  18 ,  27 ,  35 
CATTERPILAR, CAT14M3 ,SUPPORT,Grader14M,  25 ,  18 ,  25 ,  33 
CAT,"GRADER, CAT, 14, 16FT",SUPPORT,Grader14M,  25 ,  18 ,  25 ,  33 
CAT,"GRADER, CAT, 14M3",SUPPORT,Grader14M,  25 ,  18 ,  25 ,  33 
CAT,"GRADER, CATERPILLAR, 14M3",SUPPORT,Grader14M,  25 ,  18 ,  25 ,  33 
CAT,"GRADER, CATERPILLAR, 160K",SUPPORT,Grader16M,  31 ,  23 ,  31 ,  40 
CAT,14H,SUPPORT,Grader14M,  25 ,  18 ,  25 ,  33 
CAT,14M,SUPPORT,Grader14M,  25 ,  18 ,  25 ,  33 
CAT,16H,SUPPORT,Grader16M,  31 ,  23 ,  31 ,  40 
CAT,16M,SUPPORT,Grader16M,  31 ,  23 ,  31 ,  40 
CAT,CAT14M3,SUPPORT,Grader14M,  25 ,  18 ,  25 ,  33 
LIU GONG,"GRADER, LIU GONG, CLG4140D",SUPPORT,GraderLiugong,  20 ,  16 ,  20 ,  24 
LIU GONG,"GRADER, LIU GONG, CLG4260D-R",SUPPORT,GraderLiugong,  20 ,  16 ,  20 ,  24 
GD705A-5,"GRADER, KOMATSU, GD705A-5",SUPPORT,Grader705,  26 ,  14 ,  26 ,  31 
KOMATSU,GD535-5 MG,SUPPORT,Grader535,  14 ,  8 ,  14 ,  17 
KOMATSU,GD825A-2,SUPPORT,Grader825,  29 ,  18 ,  29 ,  35 
Komatsu,GD 535,SUPPORT,Grader535,  14 ,  8 ,  14 ,  17 
KOMATSU,GD825A-2,SUPPORT,Grader825,  29 ,  18 ,  29 ,  35 
KOMATSU,Motor Grader - Komatsu - GD705-4,SUPPORT,Grader705,  21 ,  12 ,  21 ,  25 
KOMATSU,GD825A2,SUPPORT,Grader825,  29 ,  18 ,  29 ,  35 
HINO, FM8JNKD-MGJ MT ,SUPPORT,DT OTHER,  15 ,  12 ,  15 ,  18 
FM 66 R," TRUCK, TIRE, VOLVO, FMX440, 6X6 ",SUPPORT,Otherunit,  35 ,  28 ,  35 ,  42 
FM260JD," LUBE TRUCK, HINO, FM260JD ",SUPPORT,LubeTruck,  35 ,  28 ,  35 ,  42 
FM66R," TRUCK, CRANE, VOLVO, FM66R, 6X6 ",SUPPORT,CraneTruck,  26 ,  21 ,  26 ,  31 
FMX330," TRUCK, MANHAUL, VOLVO, FMX330, 4X4, 40 SEAT ",SUPPORT,BUS,  1 ,  1 ,  1 ,  1 
FMX-400 6x4," TRUCK, DUMP, VOLVO, FMX-400 6x4 ",HAULING,DT COAL,  35 ,  30 ,  35 ,  40 
FMX440," TRUCK, CRANE, VOLVO, FMX440, 6X6, 15T ",SUPPORT,CraneTruck,  26 ,  21 ,  26 ,  31 
FMX440," TRUCK, FUEL, VOLVO, FMX440, 6X6 25KL ",SUPPORT,FuelTruck,  26 ,  21 ,  26 ,  31 
FMX440," TRUCK, FUEL, VOLVO, FMX440, 6X6, 25KL ",SUPPORT,FuelTruck,  26 ,  21 ,  26 ,  31 
FMX440," TRUCK, P-MOVER, VOLVO, FMX440, 6X6 ",SUPPORT,Service Truck,  26 ,  21 ,  26 ,  31 
FMX440," TRUCK, SERVICE, VOLVO, FMX440, 6X6 ",SUPPORT,Service Truck,  26 ,  21 ,  26 ,  31 
FMX440," TRUCK, WASH, VOLVO, FMX440, 6X6, 20KL ",SUPPORT,DT OTHER,  26 ,  21 ,  26 ,  31 
FMX440," TRUCK, WELDING, VOLVO, FMX440, 6X6 ",SUPPORT,Welding,  26 ,  21 ,  26 ,  31 
FMX480," LOWBOY, VOLVO, FMX480 ",SUPPORT,Lowboy,  35 ,  28 ,  35 ,  42 
KAESER," COMPRESSOR, DIESEL, KAESER, M100, 180CFM, 10 BAR ",SUPPORT,Compressor,  13 ,  4 ,  13 ,  6 
STRADA-TRITON," MITSUBISHI, TRITON, 4X4, HDX (FMS01) ",SUPPORT,LV,  1 ,  1 ,  1 ,  1 
Volvo, FMX 440 66R / (ST) ,SUPPORT,DT OTHER,  25 ,  20 ,  25 ,  30 
FMX-440 8X4," TRUCK, DUMP, VOLVO, FMX-440 8X4 ",HAULING,DT COAL,  35 ,  30 ,  35 ,  40 
VOLVO, FMX440 ,HAULING,DT COAL,  35 ,  30 ,  35 ,  40 
VOLVO," TRUCK, LIGHT, VOLVO , FM440,36T ",HAULING,DT COAL,  35 ,  30 ,  35 ,  40 
VOLVO," TRUCK, LIGHT, VOLVO , FM440,33T ",HAULING,DT COAL,  35 ,  30 ,  35 ,  40 
VOLVO," TRUCK, LIGHT, VOLVO , FM440,35T ",HAULING,DT COAL,  35 ,  30 ,  35 ,  40 
VOLVO," TRUCK, LIGHT, VOLVO , FM440,37T ",HAULING,DT COAL,  35 ,  30 ,  35 ,  40 
VOLVO," TRUCK, LIGHT, VOLVO , FM440,34T ",HAULING,DT COAL,  35 ,  30 ,  35 ,  40 
VOLVO," TRUCK, LIGHT, VOLVO , FM440,42T ",HAULING,DT COAL,  35 ,  30 ,  35 ,  40 
ATLAS COPCO, G15-22P FM ,SUPPORT,Compressor,  13 ,  24 ,  13 ,  36 
ATLAS COPCO, G15P A 10 FM ,SUPPORT,Compressor,  13 ,  24 ,  13 ,  36 
VOLVO, FMX440AM ,SUPPORT,DT Other,  44 ,  35 ,  44 ,  53 
VOLVO, FM9CT ,SUPPORT,CraneTruck,  24 ,  18 ,  27 ,  32 
VOLVO, FMX370 ,SUPPORT,DT Other,  38 ,  35 ,  38 ,  45 
Volvo, FMX440CT ,SUPPORT,CraneTruck,  42 ,  38 ,  42 ,  50 
Volvo, FMX440 ,SUPPORT,DT Other,  42 ,  38 ,  42 ,  50 
VOLVO,Dump Truck 12 Roda - Volvo - FMX440,HAULING,DT COAL,  33 ,  30 ,  33 ,  40 
ATLAS COPCO,G15-22P FM,SUPPORT,Compressor,  30 ,  24 ,  30 ,  36 
ATLAS COPCO,G15P A 10 FM,SUPPORT,Compressor,  30 ,  24 ,  30 ,  36 
ATLAS COPCO,GA18FF-10FM,SUPPORT,Compressor,  5 ,  4 ,  5 ,  6 
FM 66 R,"TRUCK, TIRE, VOLVO, FMX440, 6X6",SUPPORT,Service Truck,  35 ,  28 ,  35 ,  42 
FM260JD,"LUBE TRUCK, HINO, FM260JD",SUPPORT,LubeTruck,  35 ,  28 ,  35 ,  42 
FM66R,"TRUCK, CRANE, VOLVO, FM66R, 6X6",SUPPORT,CraneTruck,  26 ,  21 ,  26 ,  31 
FMX330,"TRUCK, MANHAUL, VOLVO, FMX330, 4X4, 40 SEAT",SUPPORT,BUS,  26 ,  21 ,  26 ,  31 
FMX-400 6x4,"TRUCK, DUMP, VOLVO, FMX-400 6x4",HAULING,#N/A,  26 ,  21 ,  26 ,  31 
FMX440,"TRUCK, CRANE, VOLVO, FMX440, 6X6, 15T",SUPPORT,CraneTruck,  26 ,  21 ,  26 ,  31 
FMX440,"TRUCK, FUEL, VOLVO, FMX440, 6X6 25KL",SUPPORT,Fueltruck,  26 ,  21 ,  26 ,  31 
FMX440,"TRUCK, FUEL, VOLVO, FMX440, 6X6, 25KL",SUPPORT,Fueltruck,  26 ,  21 ,  26 ,  31 
FMX440,"TRUCK, P-MOVER, VOLVO, FMX440, 6X6",SUPPORT,Service Truck,  26 ,  21 ,  26 ,  31 
FMX440,"TRUCK, SERVICE, VOLVO, FMX440, 6X6",SUPPORT,Service Truck,  26 ,  21 ,  26 ,  31 
FMX440,"TRUCK, WASH, VOLVO, FMX440, 6X6, 20KL",SUPPORT,WTDT,  26 ,  21 ,  26 ,  31 
FMX440,"TRUCK, WELDING, VOLVO, FMX440, 6X6",SUPPORT,Service Truck,  26 ,  21 ,  26 ,  31 
FMX-440 8X4,"TRUCK, DUMP, VOLVO, FMX-440 8X4",HAULING,#N/A,  30 ,  24 ,  30 ,  36 
FMX480,"LOWBOY, VOLVO, FMX480",SUPPORT,Lowboy,  35 ,  28 ,  35 ,  42 
HINO,FM8JNKD-MGJ MT,SUPPORT,Other DT,  15 ,  12 ,  15 ,  18 
KAESER,"COMPRESSOR, DIESEL, KAESER, M100, 180CFM, 10 BAR",SUPPORT,Compressor,  5 ,  4 ,  5 ,  6 
Volvo,FMX440WT,SUPPORT,WTDT,  23 ,  12 ,  23 ,  28 
STRADA-TRITON,"MITSUBISHI, TRITON, 4X4, HDX (FMS01)",SUPPORT,LV,  1 ,  1 ,  1 ,  1 
Volvo,FMX 440 66R / (ST),SUPPORT,DT OTHER,  25 ,  20 ,  25 ,  30 
VOLVO,FMX440,HAULING,DT,  35 ,  30 ,  33 ,  40 
VOLVO,FMX440AM,SUPPORT,DT OTHER,  44 ,  35 ,  44 ,  53 
VOLVO,FM9CT,SUPPORT,DT OTHER,  24 ,  18 ,  27 ,  32 
VOLVO,FMX370,SUPPORT,DT OTHER,  40 ,  32 ,  40 ,  48 
Volvo,FMX440CT,SUPPORT,DT OTHER,  44 ,  35 ,  44 ,  53 
Volvo,FMX440,SUPPORT,DT OTHER,  44 ,  35 ,  44 ,  53 
VOLVO,Dump Truck 12 Roda - Volvo - FMX440,HAULING,#N/A,  17 ,  12 ,  17 ,  20 
VOLVO,FM9LO,SUPPORT,DT OTHER,  24 ,  18 ,  27 ,  32 
VOLVO,FM370CT,,Other DT,  40 ,  32 ,  40 ,  48 
VOLVO,FM440LT,,Other DT,  44 ,  35 ,  44 ,  53 
VOLVO,FM9FT,,Other DT,  24 ,  18 ,  27 ,  32 
VOLVO,FMX440FT,,Other DT,  44 ,  35 ,  44 ,  53 
VOLVO,FM9LO,,Other DT,  24 ,  18 ,  27 ,  32 
VOLVO,FM9LO,,Other DT,  24 ,  18 ,  27 ,  32 
VOLVO ,Dump Truck 10 Roda - Volvo - FMX-400 6x4,HAULING,#N/A,  26 ,  21 ,  26 ,  31 
VOLVO,"FM440,36T",HAULING,#N/A,  30 ,  24 ,  30 ,  36 
VOLVO," FM440,33T",HAULING,#N/A,  30 ,  24 ,  30 ,  36 
VOLVO,"FM440,35T",HAULING,#N/A,  30 ,  24 ,  30 ,  36 
VOLVO,"FM440,37T",HAULING,#N/A,  30 ,  24 ,  30 ,  36 
VOLVO,"FM440,34T",HAULING,#N/A,  30 ,  24 ,  30 ,  36 
VOLVO,"FM440,42T",HAULING,#N/A,  30 ,  24 ,  30 ,  36 
VOLVO,"TRUCK, LIGHT, VOLVO , FM440,41T",HAULING,DT Coal,  35 ,  30 ,  33 ,  40 
VOLVO,"FM440,33T",HAULING,DT Coal,  35 ,  30 ,  33 ,  40 
RCU,Fuel Skid 20KL,,Fuel Tank / Skidding,  1 ,  1 ,  1 ,  1 
RCU,Fuel Tank 1000L,,Fuel Tank / Skidding,  1 ,  1 ,  1 ,  1 
RCU,Fuel Skid 40KL,,Fuel Tank / Skidding,  1 ,  1 ,  1 ,  1 
RCU,Fuel Skid 35KL,,Fuel Tank / Skidding,  1 ,  1 ,  1 ,  1 
ALLMAKES," LIGHTING TOWER, ALLMAKES, LED, TL4 ",SUPPORT,Towerlamp,  1 ,  1 ,  1 ,  1 
ATLAS COPCO, TOWER LAMP. QLT M10 ,SUPPORT,Towerlamp,  1 ,  1 ,  1 ,  1 
ALLMAKES, AM-LTM-4000KS ,SUPPORT,Towerlamp,  1 ,  1 ,  1 ,  1 
PATRIA, LS4-1400 ,SUPPORT,Towerlamp,  1 ,  1 ,  1 ,  1 
ISUZU, FVR 285 ,SUPPORT,Towerlamp,  18 ,  14 ,  18 ,  22 
PATRIA, LS4-1400 ,SUPPORT,Towerlamp,  1 ,  1 ,  1 ,  1 
MULTIFLO, Water Pump ,SUPPORT,Towerlamp,  2 ,  1 ,  2 ,  2 
PDP, Tower Lamp ,SUPPORT,Towerlamp,  2 ,  1 ,  2 ,  2 
PATRIA, Tower Lamp ,SUPPORT,Towerlamp,  2 ,  1 ,  2 ,  2 
PATRIA, Mega Tower ,SUPPORT,Towerlamp,  1 ,  1 ,  1 ,  1 
KUBOTA, Mega Tower ,SUPPORT,Towerlamp,  1 ,  1 ,  1 ,  1 
KUBOTA, Mini Tower ,SUPPORT,Towerlamp,  1 ,  1 ,  1 ,  1 
ALLMAKES,"LIGHTING TOWER, ALLMAKES, LED, TL4",SUPPORT,Towerlamp,  1 ,  1 ,  1 ,  1 
ALLMAKES,AM-LTM-4000KS,SUPPORT,Towerlamp,  1 ,  1 ,  1 ,  1 
ATLAS COPCO,TOWER LAMP. QLT M10,SUPPORT,Towerlamp,  1 ,  1 ,  1 ,  1 
KUBOTA,Mega Tower,SUPPORT,towerlamp,  2 ,  2 ,  2 ,  2 
KUBOTA,Mini Tower,SUPPORT,towerlamp,  1 ,  1 ,  1 ,  1 
MULTIFLO,Tower Lamp,SUPPORT,towerlamp,  2 ,  1 ,  2 ,  2 
PATRIA,LS4-1400,SUPPORT,towerlamp,  14 ,  11 ,  14 ,  17 
PATRIA,LS4-1400,SUPPORT,towerlamp,  14 ,  11 ,  14 ,  17 
PATRIA,Tower Lamp,SUPPORT,towerlamp,  2 ,  1 ,  2 ,  2 
PATRIA,Mega Tower,SUPPORT,towerlamp,  2 ,  2 ,  2 ,  2 
PATRIA,LS42000,SUPPORT,towerlamp,  2 ,  2 ,  2 ,  2 
PATRIA,LS46000,SUPPORT,towerlamp,  2 ,  2 ,  2 ,  2 
PDP,Tower Lamp,SUPPORT,towerlamp,  2 ,  1 ,  2 ,  2 
PDP,LS42000,SUPPORT,towerlamp,  2 ,  2 ,  2 ,  2 
PDP,LS46000,SUPPORT,towerlamp,  2 ,  2 ,  2 ,  2 
Towerlamp,PL30P,SUPPORT,Towerlamp,  2 ,  1 ,  2 ,  2 
COATES HIRE,Lighting Tower - Coates - ALT3500-L,SUPPORT,Towerlamp,  2 ,  1 ,  2 ,  2 
YANMAR TF85,TF85,SUPPORT,Towerlamp,  2 ,  1 ,  2 ,  2 
YANMAR TF105,TF105,SUPPORT,Towerlamp,  2 ,  1 ,  2 ,  2 
YANMAR TF65,TF65,SUPPORT,Towerlamp,  2 ,  1 ,  2 ,  2 
Coates Service,PLT3500N-EL,SUPPORT,Towerlamp,  2 ,  1 ,  2 ,  2 
GENERAC,VT8K-LED,SUPPORT,Towerlamp,  2 ,  1 ,  2 ,  2 
KIRLOSKAR,KG15WS,SUPPORT,Towerlamp,  2 ,  1 ,  2 ,  2 
Perkins,IngersollRand,SUPPORT,Towerlamp,  2 ,  1 ,  2 ,  2 
Coates Service,ALT3500M-EL,SUPPORT,Towerlamp,  2 ,  1 ,  2 ,  2 
777D," TRUCK, WATER, CATERPILLAR, 777D, 80KL ",SUPPORT,WTHD,  85 ,  68 ,  85 ,  102 
AD380T44W," TRUCK, WATER, IVECO, TRAKKER 440, 8X4 ",SUPPORT,WTDT,  24 ,  19 ,  24 ,  29 
AD410T44H," TRUCK, WATER, IVECO, TRAKKER 440, 8X4 ",SUPPORT,WTDT,  24 ,  19 ,  24 ,  29 
CWB6BLLDN2," WATER TRUCK, NISSAN QUON, CWB6BLLDN2 ",SUPPORT,WTDT,  24 ,  19 ,  24 ,  29 
MB AXOR 2528CX," WATER TRUCK, MERCEDES BENZ, MB AXOR 2528CX ",SUPPORT,WTDT,  30 ,  24 ,  30 ,  36 
ISUZU FVZ 285, FCR34L 285PS WT ,SUPPORT,WTDT,  10 ,  8 ,  10 ,  12 
ISUZU, FVZ34NHP61011L2S ,SUPPORT,WTDT,  9 ,  6 ,  9 ,  13 
KOMATSU, HD7857WT ,SUPPORT,WTHD,  68 ,  48 ,  68 ,  93 
KOMATSU, Water Truck ,SUPPORT,WTHD,  77 ,  48 ,  77 ,  93 
SCANIA, Water Truck ,SUPPORT,WTDT,  28 ,  20 ,  28 ,  33 
CAT,"TRUCK, WATER, CATERPILLAR, 777D, 80KL",SUPPORT,WTHD,  73 ,  45 ,  73 ,  88 
AD380T44W,"TRUCK, WASH, IVECO, AD380T44W, 6X6, 20KL",SUPPORT,WTDT,  24 ,  19 ,  24 ,  29 
AD380T44W,"TRUCK, WATER, IVECO, TRAKKER 440, 8X4",SUPPORT,WTDT,  24 ,  19 ,  24 ,  29 
AD410T44H,"TRUCK, WATER, IVECO, TRAKKER 440, 8X4",SUPPORT,WTDT,  24 ,  19 ,  24 ,  29 
NISSAN,"WATER TRUCK, NISSAN QUON, CWB6BLLDN2",SUPPORT,WTDT,  24 ,  19 ,  24 ,  29 
FMX440,"TRUCK, WASH, VOLVO, FMX440, 6X6, 20KL",SUPPORT,WTDT,  26 ,  21 ,  26 ,  31 
KOMATSU,HD7857WT,SUPPORT,WTHD,  77 ,  58 ,  77 ,  93 
KOMATSU,Water Truck,SUPPORT,WTDT,  77 ,  48 ,  77 ,  93 
MB AXOR 2528CX,"WATER TRUCK, MERCEDES BENZ, MB AXOR 2528CX",SUPPORT,WTDT,  30 ,  24 ,  30 ,  36 
Volvo,FMX440WT,SUPPORT,WTDT,  23 ,  12 ,  23 ,  28 
SCANIA,Water Truck,SUPPORT,WTDT,  26 ,  20 ,  28 ,  33 
P360B," TRUCK, SHUTDOWN, SCANIA, P360B, 6X6  ",SUPPORT,DT OTHER,  30 ,  24 ,  30 ,  36 
SCANIA, P380CB6X6AM ,HAULING,DT Other,  35 ,  30 ,  35 ,  40 
Volvo, P380CB6X6EHZ ,SUPPORT,DT Other,  46 ,  40 ,  46 ,  55 
SCANIA, P380CB6X6WT ,SUPPORT,DT Other,  28 ,  20 ,  28 ,  33 
NISSAN,P380CB6X6CT,SUPPORT,DT Other,  32 ,  20 ,  32 ,  38 
Nissan,P360CB6X6WT,SUPPORT,DT Other,  26 ,  16 ,  26 ,  32 
P360B,"TRUCK, SHUTDOWN, SCANIA, P360B, 6X6 ",SUPPORT,DT Other,  30 ,  24 ,  30 ,  36 
SCANIA,P380CB6X6AM,HAULING,#N/A,  24 ,  18 ,  25 ,  30 
SCANIA,P380CB6X6WT,SUPPORT,DT Other,  26 ,  20 ,  28 ,  33 
SCANIA,P380CB6X6LO,SUPPORT,DT Other,  24 ,  18 ,  25 ,  30 
SCANIA,P380CB6X6LO,SUPPORT,DT Other,  24 ,  18 ,  25 ,  30 
SCANIA,P380CB6X6FT,SUPPORT,DT Other,  24 ,  18 ,  25 ,  30 
SCANIA,P360CB6X6FT,SUPPORT,DT Other,  26 ,  20 ,  28 ,  33 
Volvo,P380CB6X6EHZ,SUPPORT,DT OTHER,  48 ,  38 ,  48 ,  57 
TWM06367," PUMP, KSB, LSA 6X8-25, CAT C27, 16PU2382 ",SUPPORT,Water Pump,  40 ,  23 ,  40 ,  63 
XH 200," WATER PUMP, Coates,  XH 200 ",SUPPORT,Water Pump,  40 ,  23 ,  40 ,  63 
DND 150," PUMP, BOOSTER, KSB, DND 150, CAT C15 ",SUPPORT,Booster Pump,  50 ,  33 ,  50 ,  73 
DND 150," PUMP, DEWATERING, KSB, DND 150, CAT C15 ",SUPPORT,Booster Pump,  50 ,  33 ,  50 ,  73 
DND 150," PUMP, KSB, DND150, BOOSTER, CAT C15 ",SUPPORT,Booster Pump,  50 ,  33 ,  50 ,  73 
DND200," PUMP, DEWATERING, KSB, DND200-5HX ",SUPPORT,Small Pump,  13 ,  8 ,  13 ,  20 
DND200," PUMP, DND200 c/w PONTOON 16MA0101 ",SUPPORT,Small Pump,  13 ,  8 ,  13 ,  20 
DND200," PUMP, DND200 c/w PONTOON 16MA0108 ",SUPPORT,Small Pump,  13 ,  8 ,  13 ,  20 
DND200-MHX," PUMP, KSB, DND200-MHX, CAT C27 ",SUPPORT,Small Pump,  13 ,  8 ,  13 ,  20 
EK1343-150 SS," WATER PUMP, Volvo Penta KSB, EK1343-150 SS ",SUPPORT,Water Pump,  40 ,  23 ,  40 ,  63 
LCC-H200-610.5K AB M1," WATER PUMP, Volvo Penta KSB, LCC-H200-610.5K AB M1 ",SUPPORT,Water Pump,  40 ,  23 ,  40 ,  63 
LSA 6X8-25," PUMP, KSB, LSA 6X6-25, CAT C27 ",SUPPORT,Water Pump,  40 ,  23 ,  40 ,  63 
LSA 6X8-25," PUMP, KSB, LSA 6X8-25, CAT C27 ",SUPPORT,Water Pump,  40 ,  23 ,  40 ,  63 
MF290," PUMP, MULTIFLO, MF290[c/w16MA0120] ",SUPPORT,Small Pump,  13 ,  8 ,  13 ,  20 
MF385HP," PUMP, DEWATERING, WEIR, MF385HP, CAT C13 ",SUPPORT,Small Pump,  13 ,  8 ,  13 ,  20 
MF420," PUMP, MULTIFLO, MF420[c/w16MA0110] ",SUPPORT,Water Pump,  40 ,  23 ,  40 ,  63 
MF420A05Y-IMP," WATER PUMP, Multiflo, MF420A05Y-IMP ",SUPPORT,Water Pump,  40 ,  23 ,  40 ,  63 
MF420EXHV," PUMP, MULTIFLO, MF420EXHV, CAT C27 ",SUPPORT,Water Pump,  40 ,  23 ,  40 ,  63 
Caterpillar, CAT-3306 ,SUPPORT,Small Pump,  13 ,  8 ,  13 ,  20 
CATERPILLAR C-12, SYKES XH-150 ,SUPPORT,Water Pump,  40 ,  23 ,  40 ,  63 
SCANIA DC13074A, KSB LCC-H150 ,SUPPORT,Water Pump,  40 ,  23 ,  40 ,  63 
SCANIA DC16074A, KSB LCC-H200 ,SUPPORT,Water Pump,  40 ,  23 ,  40 ,  63 
SCANIA DC1640A, KSB LCC-H150 ,SUPPORT,Water Pump,  40 ,  23 ,  40 ,  63 
SCANIA DC1641A, KSB LCC-H150 ,SUPPORT,Water Pump,  40 ,  23 ,  40 ,  63 
VOLVO TAD1343VE, KSB LCC-H150 ,SUPPORT,Water Pump,  40 ,  23 ,  40 ,  63 
VOLVO TAD1642VE, KSB LCC-H200 ,SUPPORT,Water Pump,  40 ,  23 ,  40 ,  63 
VOLVO TAD1643VE, KSB LCC-H200 ,SUPPORT,Water Pump,  40 ,  23 ,  40 ,  63 
VOLVO TAD1643VE-HD, KSB LCC-H200 ,SUPPORT,Water Pump,  40 ,  23 ,  40 ,  63 
VOLVO TAD1643VE-HD, VOLVO TAD1643VE-HD ,SUPPORT,Water Pump,  40 ,  23 ,  40 ,  63 
Sykes, HH150 ,SUPPORT,Water Pump,  40 ,  23 ,  40 ,  63 
KSB, Water Pump ,SUPPORT,Small Pump,  13 ,  8 ,  13 ,  20 
MULTIFLO, Water Pump ,SUPPORT,Water Pump,  40 ,  23 ,  40 ,  63 
MILLER, Sump Pump ,SUPPORT,Small Pump,  13 ,  8 ,  13 ,  20 
CAT,SYKES XH-150,SUPPORT,Water Pump,  40 ,  23 ,  40 ,  63 
DND 150,"PUMP, BOOSTER, KSB, DND 150, CAT C15",SUPPORT,Booster Pump,  50 ,  33 ,  50 ,  73 
DND 150,"PUMP, DEWATERING, KSB, DND 150, CAT C15",SUPPORT,Booster Pump,  50 ,  33 ,  50 ,  73 
DND 150,"PUMP, KSB, DND150, BOOSTER, CAT C15",SUPPORT,Booster Pump,  50 ,  33 ,  50 ,  73 
DND200,"PUMP, DEWATERING, KSB, DND200-5HX",SUPPORT,Booster Pump,  50 ,  33 ,  50 ,  73 
DND200,"PUMP, DND200 c/w PONTOON 16MA0101",SUPPORT,Small Pump,  13 ,  8 ,  13 ,  20 
DND200,"PUMP, DND200 c/w PONTOON 16MA0108",SUPPORT,Small Pump,  13 ,  8 ,  13 ,  20 
DND200-MHX,"PUMP, KSB, DND200-MHX, CAT C27",SUPPORT,Booster Pump,  50 ,  33 ,  50 ,  73 
EK1343-150 SS,"WATER PUMP, Volvo Penta KSB, EK1343-150 SS",SUPPORT,Water Pump,  40 ,  23 ,  40 ,  63 
KSB,WA3803,SUPPORT,Water Pump,  40 ,  23 ,  40 ,  63 
KSB,WA6003TY,SUPPORT,Water Pump,  40 ,  23 ,  40 ,  63 
LCC-H200-610.5K AB M1,"WATER PUMP, Volvo Penta KSB, LCC-H200-610.5K AB M1",SUPPORT,Booster Pump,  50 ,  33 ,  50 ,  73 
LSA 6X8-25,"PUMP, KSB, LSA 6X6-25, CAT C27",SUPPORT,Water Pump,  40 ,  23 ,  40 ,  63 
LSA 6X8-25,"PUMP, KSB, LSA 6X8-25, CAT C27",SUPPORT,Water Pump,  40 ,  23 ,  40 ,  63 
LSA 6X8-25,"PUMP, KSB, LSA 6X6-25, CAT C27",SUPPORT,Water Pump,  40 ,  23 ,  40 ,  63 
MF290,"PUMP, MULTIFLO, MF290[c/w16MA0120]",SUPPORT,Small Pump,  13 ,  8 ,  13 ,  20 
MF385HP,"PUMP, DEWATERING, WEIR, MF385HP, CAT C13",SUPPORT,Small Pump,  13 ,  8 ,  13 ,  20 
MF420,"PUMP, MULTIFLO, MF420[c/w16MA0110]",SUPPORT,Water Pump,  40 ,  23 ,  40 ,  63 
MF420A05Y-IMP,"WATER PUMP, Multiflo, MF420A05Y-IMP",SUPPORT,Water Pump,  40 ,  23 ,  40 ,  63 
MF420EXHV,"PUMP, MULTIFLO, MF420EXHV, CAT C27",SUPPORT,Water Pump,  40 ,  23 ,  40 ,  63 
MILLER,Hi-Pressure Pump,SUPPORT,Water Pump,  40 ,  23 ,  40 ,  63 
MILLER,Sump Pump,SUPPORT,Water Pump,  40 ,  23 ,  40 ,  63 
MULTIFLO,Water Pump,SUPPORT,Water Pump,  40 ,  23 ,  40 ,  63 
MULTIFLO,Water Pump,SUPPORT,Water Pump,  40 ,  23 ,  40 ,  63 
MULTIFLO,MEB-420EXHV,SUPPORT,Water Pump,  40 ,  23 ,  40 ,  63 
MULTIFLO,MF420EXHV,SUPPORT,Water Pump,  40 ,  23 ,  40 ,  63 
MULTIFLO,MFV290C,SUPPORT,Small Pump,  13 ,  8 ,  13 ,  20 
MULTIFLO,WA6003TY,SUPPORT,Water Pump,  40 ,  23 ,  40 ,  63 
MULTIFLO,LSA6x8,SUPPORT,Water Pump,  40 ,  23 ,  40 ,  63 
MULTIFLO,RF-85MW,SUPPORT,Booster Pump,  50 ,  33 ,  50 ,  73 
MULTIFLO,RF-85MW,SUPPORT,Booster Pump,  50 ,  33 ,  50 ,  73 
MULTIFLO,MFV420EXHV,SUPPORT,Water Pump,  40 ,  23 ,  40 ,  63 
MULTIFLO,LEGRA140,SUPPORT,Booster Pump,  50 ,  33 ,  50 ,  73 
MULTIFLO,MFV-W420B,SUPPORT,Water Pump,  40 ,  23 ,  40 ,  63 
MULTIFLO,MF-420E,SUPPORT,Water Pump,  40 ,  23 ,  40 ,  63 
MULTIFLO,MF420EXHV,SUPPORT,Water Pump,  40 ,  23 ,  40 ,  63 
MULTIFLO,MEB-420EXHV,SUPPORT,Water Pump,  40 ,  23 ,  40 ,  63 
MULTIFLO,MEB-420EXHV,SUPPORT,Water Pump,  40 ,  23 ,  40 ,  63 
MULTIFLO,MFV290C,SUPPORT,Small Pump,  13 ,  8 ,  13 ,  20 
SCANIA DC13074A,KSB LCC-H150,SUPPORT,Water Pump,  40 ,  23 ,  40 ,  63 
SCANIA DC16074A,KSB LCC-H200,SUPPORT,Water Pump,  40 ,  23 ,  40 ,  63 
SCANIA DC1640A,KSB LCC-H150,SUPPORT,Water Pump,  40 ,  23 ,  40 ,  63 
SCANIA DC1641A,KSB LCC-H150,SUPPORT,Water Pump,  40 ,  23 ,  40 ,  63 
Sykes,HH150,SUPPORT,Water Pump,  40 ,  23 ,  40 ,  63 
TWM06367,"PUMP, KSB, LSA 6X8-25, CAT C27, 16PU2382",SUPPORT,Water Pump,  40 ,  23 ,  40 ,  63 
VOLVO TAD1343VE,KSB LCC-H150,SUPPORT,Water Pump,  40 ,  23 ,  40 ,  63 
VOLVO TAD1642VE,KSB LCC-H200,SUPPORT,Water Pump,  40 ,  23 ,  40 ,  63 
VOLVO TAD1643VE,KSB LCC-H200,SUPPORT,Water Pump,  40 ,  23 ,  40 ,  63 
VOLVO TAD1643VE-HD,KSB LCC-H200,SUPPORT,Water Pump,  40 ,  23 ,  40 ,  63 
WARMAN,Water Pump,SUPPORT,Small Pump,  13 ,  8 ,  13 ,  20 
WARMAN,Dewatering Pump,SUPPORT,Small Pump,  13 ,  8 ,  13 ,  20 
WARMAN,EWP420,SUPPORT,Water Pump,  40 ,  23 ,  40 ,  63 
WARMAN,MF-420E,SUPPORT,Water Pump,  40 ,  23 ,  40 ,  63 
WARMAN,MF-420E,SUPPORT,Water Pump,  40 ,  23 ,  40 ,  63 
WARMAN,MF420EX,SUPPORT,Water Pump,  40 ,  23 ,  40 ,  63 
WARMAN,EWP420,SUPPORT,Water Pump,  40 ,  23 ,  40 ,  63 
XH 200,"WATER PUMP, Coates,  XH 200",SUPPORT,Small Pump,  13 ,  8 ,  13 ,  20 
KOMATSU,MF420EXHV,SUPPORT,Water Pump,  40 ,  23 ,  40 ,  63 
WARMAN,MF420EX,SUPPORT,Water Pump,  40 ,  23 ,  40 ,  63 
WARMAN,MF-420E,SUPPORT,Water Pump,  40 ,  23 ,  40 ,  63 
MULTIFLO,MFV420EXHV,SUPPORT,Water Pump,  40 ,  23 ,  40 ,  63 
MULTIFLO,MFV-W420B,SUPPORT,Water Pump,  40 ,  23 ,  40 ,  63 
WARMAN,MFV290C,SUPPORT,Small Pump,  13 ,  8 ,  13 ,  20 
MULTIFLO,MEB-420EXHV,SUPPORT,Booster Pump,  50 ,  33 ,  50 ,  73 
MULTIFLO,EWP420,SUPPORT,Small Pump,  13 ,  8 ,  13 ,  20 
MULTIFLO,LSA6x8,SUPPORT,Water Pump,  40 ,  23 ,  40 ,  63 
MULTIFLO,RF-85MW,SUPPORT,Booster Pump,  50 ,  33 ,  50 ,  73 
MULTIFLO,LEGRA140,SUPPORT,Small Pump,  13 ,  8 ,  13 ,  20 
MULTIFLO,DRHY85/160B,SUPPORT,Dragflow,  45 ,  28 ,  45 ,  68 
MULTIFLO,DRHY85/160B,SUPPORT,Dragflow,  45 ,  28 ,  45 ,  68 
MULTIFLO,DRHY85/160B,SUPPORT,Dragflow,  45 ,  28 ,  45 ,  68 
KSB,WD6003,SUPPORT,Wheel Loader,  28 ,  18 ,  46 ,  76 
BIGPUMP,DREDGER 10/8,SUPPORT,Dredger,  75 ,  50 ,  75 ,  110 
MULTIFLO,DREDGER 12/10,SUPPORT,Dredger,  75 ,  50 ,  75 ,  110 
WARMAN,DREDGER 12/10,SUPPORT,Dredger,  75 ,  50 ,  75 ,  110 
WARMAN,DREDGER 12/10,SUPPORT,Dredger,  75 ,  50 ,  75 ,  110 
WARMAN,DREDGER 12/10,SUPPORT,Dredger,  75 ,  50 ,  75 ,  110 
BIGPUMP,DREDGER 10/8,SUPPORT,Dredger,  75 ,  50 ,  75 ,  110 
ATLAS COPCO," COMPRESSOR, ATLAS COPCO, GA 30FF-10 ",SUPPORT,Compressor,  13 ,  1 ,  13 ,  1 
ATLAS COPCO," COMPRESSOR, ATLAS COPCO, XAS 300 DD7 ",SUPPORT,Compressor,  13 ,  1 ,  13 ,  1 
ATLAS COPCO," COMPRESSOR, ATLAS COPCO, XAS 300 KD7 ",SUPPORT,Compressor,  13 ,  1 ,  13 ,  1 
ATLAS COPCO," COMPRESSOR, ATLAS COPCO, XAS 47 DD ",SUPPORT,Compressor,  13 ,  1 ,  13 ,  1 
ATLAS COPCO," COMPRESSOR, ATLAS COPCO, XAS 90 DD ",SUPPORT,Compressor,  13 ,  1 ,  13 ,  1 
ATLAS COPCO," COMPRESSOR, ATLAS COPCP, XAS 300 DD7 ",SUPPORT,Compressor,  13 ,  1 ,  13 ,  1 
ATLAS COPCO," COMPRESSOR, DSL, ATLAS COPCO, XAS137KD7 ",SUPPORT,Compressor,  13 ,  1 ,  13 ,  1 
ATLAS COPCO," COMPRESSOR, DSL, ATLAS COPCO, XAS300DD7 ",SUPPORT,Compressor,  13 ,  1 ,  13 ,  1 
ATLAS COPCO," COMPRESSOR, DSL, ATLAS COPCO, XAS48KD ",SUPPORT,Compressor,  13 ,  1 ,  13 ,  1 
ATLAS COPCO," COMPRESSOR, DSL, ATLAS COPCO, XAS90DD7 ",SUPPORT,Compressor,  13 ,  1 ,  13 ,  1 
KAESER," COMPRESSOR, DIESEL, KAESER, M100, 180CFM, 10 BAR ",SUPPORT,Compressor,  13 ,  4 ,  13 ,  6 
KAESER," COMPRESSOR, DSL, KAESER, M100 ",SUPPORT,Compressor,  13 ,  4 ,  13 ,  6 
KAESER," COMPRESSOR, DSL,KAESER, M31 ",SUPPORT,Compressor,  13 ,  4 ,  13 ,  6 
KAESER," COMPRESSOR, ELC, KAESER, BSD75T/10 ",SUPPORT,Compressor,  13 ,  4 ,  13 ,  6 
KAESER," COMPRESSOR, ELECTRIC,KAESER, BSD75T/10, 175FCM ",SUPPORT,Compressor,  13 ,  4 ,  13 ,  6 
KAESER," COMPRESSOR, KAESER, M31, PORTABLE ",SUPPORT,Compressor,  13 ,  4 ,  13 ,  6 
ATLAS COPCO, G15-22P FM ,SUPPORT,Compressor,  13 ,  24 ,  13 ,  36 
ATLAS COPCO, G15P A 10 FM ,SUPPORT,Compressor,  13 ,  24 ,  13 ,  36 
DOOSAN, LSCWKUB-60HZ-T4F ,SUPPORT,Compressor,  13 ,  1 ,  13 ,  1 
ATLAS COPCO, XAHS38 Kd ,SUPPORT,Compressor,  13 ,  10 ,  13 ,  16 
Crusher, C125B ,SUPPORT,Compressor,  35 ,  28 ,  35 ,  42 
FUSHENG, Air Compressor ,SUPPORT,Compressor,  12 ,  10 ,  12 ,  14 
HYDROVANE, Air Compressor ,SUPPORT,Compressor,  12 ,  10 ,  12 ,  14 
ING - RAND, Air Compressor ,SUPPORT,Compressor,  12 ,  10 ,  12 ,  14 
KAESER, Air Compressor ,SUPPORT,Compressor,  12 ,  10 ,  12 ,  14 
ATLAS COPCO, Air Compressor ,SUPPORT,Compressor,  12 ,  10 ,  12 ,  14 
MILLER, Hi-Pressure Pump ,SUPPORT,Compressor,  39 ,  31 ,  39 ,  47 
ATLAS COPCO,"COMPRESSOR, ATLAS COPCO, GA 30FF-10",SUPPORT,Compressor,  5 ,  4 ,  5 ,  6 
ATLAS COPCO,"COMPRESSOR, ATLAS COPCO, XAS 300 DD7",SUPPORT,Compressor,  5 ,  4 ,  5 ,  6 
ATLAS COPCO,"COMPRESSOR, ATLAS COPCO, XAS 300 KD7",SUPPORT,Compressor,  5 ,  4 ,  5 ,  6 
ATLAS COPCO,"COMPRESSOR, ATLAS COPCO, XAS 47 DD",SUPPORT,Compressor,  5 ,  4 ,  5 ,  6 
ATLAS COPCO,"COMPRESSOR, ATLAS COPCO, XAS 90 DD",SUPPORT,Compressor,  5 ,  4 ,  5 ,  6 
ATLAS COPCO,"COMPRESSOR, ATLAS COPCP, XAS 300 DD7",SUPPORT,Compressor,  5 ,  4 ,  5 ,  6 
ATLAS COPCO,"COMPRESSOR, DSL, ATLAS COPCO, XAS137KD7",SUPPORT,Compressor,  5 ,  4 ,  5 ,  6 
ATLAS COPCO,"COMPRESSOR, DSL, ATLAS COPCO, XAS300DD7",SUPPORT,Compressor,  5 ,  4 ,  5 ,  6 
ATLAS COPCO,"COMPRESSOR, DSL, ATLAS COPCO, XAS48KD",SUPPORT,Compressor,  5 ,  4 ,  5 ,  6 
ATLAS COPCO,"COMPRESSOR, DSL, ATLAS COPCO, XAS90DD7",SUPPORT,Compressor,  5 ,  4 ,  5 ,  6 
ATLAS COPCO,G15-22P FM,SUPPORT,Compressor,  30 ,  24 ,  30 ,  36 
ATLAS COPCO,G15P A 10 FM,SUPPORT,Compressor,  30 ,  24 ,  30 ,  36 
ATLAS COPCO,XAHS38 Kd,SUPPORT,Compressor,  13 ,  10 ,  13 ,  16 
ATLAS COPCO,Air Compressor,SUPPORT,Compressor,  12 ,  10 ,  12 ,  14 
ATLAS COPCO,GA18FF-10FM,SUPPORT,Compressor,  5 ,  4 ,  5 ,  6 
ATLAS COPCO,GA22,SUPPORT,Compressor,  5 ,  4 ,  5 ,  6 
ATLAS COPCO,GA22 ,SUPPORT,Compressor,  5 ,  4 ,  5 ,  6 
ATLAS COPCO,XAS,SUPPORT,Compressor,  5 ,  4 ,  5 ,  6 
BERCA POWER,BF-C110S,SUPPORT,Compressor,  14 ,  11 ,  14 ,  17 
FUSHENG,Air Compressor,SUPPORT,Compressor,  12 ,  10 ,  12 ,  14 
FUSHENG,HTA80A,SUPPORT,Compressor,  12 ,  10 ,  12 ,  14 
FUSHENG,TA120,SUPPORT,Compressor,  12 ,  5 ,  12 ,  14 
HYDROVANE,Air Compressor,SUPPORT,Compressor,  12 ,  10 ,  12 ,  14 
HYDROVANE,830SERIES,SUPPORT,Compressor,  8 ,  5 ,  8 ,  10 
ING - RAND,Air Compressor,SUPPORT,Compressor,  12 ,  10 ,  12 ,  14 
ING - RAND,IRSS-T30,SUPPORT,Compressor,  12 ,  5 ,  12 ,  14 
KAESER,"COMPRESSOR, DIESEL, KAESER, M100, 180CFM, 10 BAR",SUPPORT,Compressor,  5 ,  4 ,  5 ,  6 
KAESER,"COMPRESSOR, DSL, KAESER, M100",SUPPORT,Compressor,  5 ,  4 ,  5 ,  6 
KAESER,"COMPRESSOR, DSL,KAESER, M31",SUPPORT,Compressor,  5 ,  4 ,  5 ,  6 
KAESER,"COMPRESSOR, ELC, KAESER, BSD75T/10",SUPPORT,Compressor,  5 ,  4 ,  5 ,  6 
KAESER,"COMPRESSOR, ELECTRIC,KAESER, BSD75T/10, 175FCM",SUPPORT,Compressor,  5 ,  4 ,  5 ,  6 
KAESER,"COMPRESSOR, KAESER, M31, PORTABLE",SUPPORT,Compressor,  5 ,  4 ,  5 ,  6 
KAESER,Air Compressor,SUPPORT,Compressor,  12 ,  10 ,  12 ,  14 
KAESER,M51,SUPPORT,Compressor,  12 ,  5 ,  12 ,  14 
Caterpillar, 340D2L ,SUPPORT,PC300,  20 ,  17 ,  20 ,  26 
HYUNDAI, Robex 210W-9S ,SUPPORT,PC200,  9 ,  6 ,  9 ,  14 
KOMATSU, PC200-8MO ,SUPPORT,PC200,  9 ,  6 ,  9 ,  14 
KOMATSU, PC400LCSE-8R ,SUPPORT,PC400,  32 ,  26 ,  32 ,  48 
Komatsu, PC 200-8 ,SUPPORT,PC200,  9 ,  6 ,  9 ,  14 
Komatsu, PC-200-10 ,SUPPORT,PC200,  9 ,  6 ,  9 ,  14 
VOLVO,Excavator-Volvo-EC210D,SUPPORT,PC200,  12 ,  6 ,  12 ,  14 
CAT,340D2L,SUPPORT,PC300,  30 ,  24 ,  30 ,  36 
DOOSAN,Excavator-Doosan-DX300LCA,SUPPORT,PC300,  10 ,  9 ,  10 ,  12 
HINO,PC 200-8,SUPPORT,pc200,  12 ,  9 ,  12 ,  14 
HITACHI,"EXCAVATOR, BACKHOE, HITACHI, ZX350H-7G,",SUPPORT,PC300,  25 ,  20 ,  25 ,  30 
HITACHI,"EXCAVATOR, HITACHI, ZX350H-5G, 30T",SUPPORT,PC300,  25 ,  20 ,  25 ,  30 
HITACHI,"EXCAVATOR, HITACHI, ZX350H-5G, 30T (77EX0112)",SUPPORT,PC300,  25 ,  20 ,  25 ,  30 
HITACHI,"EXCAVATOR, HITACHI, ZX350H-5G, 30T (77EX0113)",SUPPORT,PC300,  25 ,  20 ,  25 ,  30 
HITACHI,"EXCAVATOR, HITACHI, ZX350H-5G, 30T (77EX0114)",SUPPORT,PC300,  25 ,  20 ,  25 ,  30 
HITACHI,"EXCAVATOR, HITACHI, ZX350H-5G, 30T (77EX0115)",SUPPORT,PC300,  25 ,  20 ,  25 ,  30 
HITACHI,"EXCAVATOR, HITACHI, ZX350H-5G, 30T (77EX0116)",SUPPORT,PC300,  25 ,  20 ,  25 ,  30 
HYUNDAI,HYUNDAI,SUPPORT,PC200,  1 ,  1 ,  1 ,  1 
HYUNDAI,Hyundai,SUPPORT,PC200,  10 ,  8 ,  10 ,  12 
KOMATSU,PC200-8MO,SUPPORT,PC200,  16 ,  8 ,  16 ,  19 
KOMATSU,PC400LCSE-8R,SUPPORT,PC400,  40 ,  26 ,  40 ,  48 
Komatsu,PC-200-10,SUPPORT,PC200,  16 ,  8 ,  16 ,  19 
Komatsu,PC210-10 MO-PJPN,SUPPORT,PC200,  12 ,  6 ,  12 ,  14 
Komatsu,PC210-10 MO-REP,SUPPORT,PC200,  12 ,  6 ,  12 ,  14 
Komatsu,PC300-8 MO-BMC,SUPPORT,pc300,  25 ,  13 ,  25 ,  30 
Komatsu,PC300-8 MO-EBS,SUPPORT,pc300,  25 ,  13 ,  25 ,  30 
Komatsu,PC300-8 MO-PJPN,SUPPORT,pc300,  25 ,  13 ,  25 ,  30 
Komatsu,PC300-8 MO-REP,SUPPORT,pc300,  25 ,  13 ,  25 ,  30 
SANY,"EXCAVATOR,  SANY, SY365, 30T",SUPPORT,pc300,  25 ,  20 ,  25 ,  30 
SANY,"EXCAVATOR,  SANY, SY365, 36T",SUPPORT,pc300,  25 ,  20 ,  25 ,  30 
VOLVO,EC210D,SUPPORT,PC200,  10 ,  6 ,  12 ,  14 
KOBELCO,SK 200-10,SUPPORT,PC200,  12 ,  6 ,  12 ,  14 
KOBELCO,SK 200-10,SUPPORT,PC200,  12 ,  6 ,  12 ,  14 
KOMATSU,PC210-10 MO-BMC,SUPPORT,PC200,  12 ,  6 ,  12 ,  14 
Komatsu,SAKAI 700D-BMC,SUPPORT,Compactor,  4 ,  10 ,  17 ,  20 
Komatsu,SAKAI 700D-EBS,SUPPORT,Compactor,  4 ,  10 ,  17 ,  20 
Komatsu,SAKAI 700D-PJPN,SUPPORT,Compactor,  24 ,  10 ,  17 ,  20 
CWB6BLLDN2," WATER TRUCK, NISSAN QUON, CWB6BLLDN2 ",SUPPORT,WTDT,  24 ,  19 ,  24 ,  29 
NISSAN, CWB450LDN / ST ,SUPPORT,DT OTHER,  1 ,  1 ,  1 ,  1 
NISSAN, CWB45ALDN / ST ,SUPPORT,DT OTHER,  1 ,  1 ,  1 ,  1 
NISSAN, CWB520LDN / ST ,SUPPORT,DT OTHER,  1 ,  1 ,  1 ,  1 
NISSAN, CWB45A ,SUPPORT,DT Other,  17 ,  13 ,  17 ,  20 
NISSAN,"WATER TRUCK, NISSAN QUON, CWB6BLLDN2",SUPPORT,WTDT,  24 ,  19 ,  24 ,  29 
NISSAN,CWB450LDN / ST,SUPPORT,bus,  1 ,  1 ,  1 ,  1 
NISSAN,CWB45ALDN / ST,SUPPORT,bus,  1 ,  1 ,  1 ,  1 
NISSAN,CWB520LDN / ST,SUPPORT,bus,  1 ,  1 ,  1 ,  1 
NISSAN,CWB45A,SUPPORT,DT OTHER,  17 ,  13 ,  17 ,  20 
Nissan,CWB45 LDN-EBS,SUPPORT,Bus,  1 ,  1 ,  1 ,  1 
AD240T38W," TRUCK, MANHAUL, IVECO, AD240T38W, 4X4, C ",SUPPORT,BUS,  1 ,  1 ,  1 ,  1 
AD240T38W," TRUCK, MANHAUL, IVECO, TRAKKER 380, 4X4 ",SUPPORT,BUS,  1 ,  1 ,  1 ,  1 
BUS," BIG BUS MERCEDES BENZ, CAPACITY 59 SEAT 4X2 (B.01) ",SUPPORT,BUS,  1 ,  1 ,  1 ,  1 
BUS," BIG BUS MERCEDES BENZ, CAPACITY 59 SEAT 4X2 (B.02) ",SUPPORT,BUS,  1 ,  1 ,  1 ,  1 
BUS," Minibus,Mitsubishi,4x4,Cap. 29 seats ",SUPPORT,BUS,  1 ,  1 ,  1 ,  1 
FMX330," TRUCK, MANHAUL, VOLVO, FMX330, 4X4, 40 SEAT ",SUPPORT,BUS,  1 ,  1 ,  1 ,  1 
HD9 4442 80," TRUCK, MANHAUL, IVECO, ASTRA HD9420, 4X4 ",SUPPORT,BUS,  1 ,  1 ,  1 ,  1 
HD9 4442 80," TRUCK, MANHAUL, IVECO, HD94442, 4X4 ",SUPPORT,BUS,  1 ,  1 ,  1 ,  1 
ISUZU, NQR71ECE2-1 - ISUZU MBBIS ,SUPPORT,BUS,  1 ,  1 ,  1 ,  1 
ISUZU, NQR 71 EC ,SUPPORT,BUS,  1 ,  1 ,  1 ,  1 
AD240T38W,"TRUCK, MANHAUL, IVECO, AD240T38W, 4X4, C",SUPPORT,Bus,  24 ,  19 ,  24 ,  29 
AD240T38W,"TRUCK, MANHAUL, IVECO, TRAKKER 380, 4X4",SUPPORT,Bus,  24 ,  19 ,  24 ,  29 
MERCEDES,"BIG BUS MERCEDES BENZ, CAPACITY 59 SEAT 4X2 (B.01)",SUPPORT,Bus,  1 ,  1 ,  1 ,  1 
MERCEDES,"BIG BUS MERCEDES BENZ, CAPACITY 59 SEAT 4X2 (B.02)",SUPPORT,Bus,  1 ,  1 ,  1 ,  1 
MERCEDES,"Minibus,Mitsubishi,4x4,Cap. 29 seats",SUPPORT,Bus,  1 ,  1 ,  1 ,  1 
FMX330,"TRUCK, MANHAUL, VOLVO, FMX330, 4X4, 40 SEAT",SUPPORT,BUS,  26 ,  21 ,  26 ,  31 
HD9 4442 80,"TRUCK, MANHAUL, IVECO, ASTRA HD9420, 4X4",SUPPORT,bus,  30 ,  24 ,  30 ,  36 
HD9 4442 80,"TRUCK, MANHAUL, IVECO, HD94442, 4X4",SUPPORT,bus,  30 ,  24 ,  30 ,  36 
HD9 4442 80,"TRUCK, SERVICE, IVECO, ASTRA HD9420, 4X4",SUPPORT,bus,  30 ,  24 ,  30 ,  36 
HINO,PB-Bagong,SUPPORT,BUS,  1 ,  1 ,  1 ,  1 
Hino FM260JD,Hino,SUPPORT,BUS,  15 ,  12 ,  15 ,  18 
Hino FM360,Hino,SUPPORT,BUS,  15 ,  12 ,  15 ,  18 
NISSAN,CWB450LDN / ST,SUPPORT,bus,  1 ,  1 ,  1 ,  1 
NISSAN,CWB45ALDN / ST,SUPPORT,bus,  1 ,  1 ,  1 ,  1 
NISSAN,CWB520LDN / ST,SUPPORT,bus,  1 ,  1 ,  1 ,  1 
Nissan,CWB45 LDN-EBS,SUPPORT,Bus,  1 ,  1 ,  1 ,  1 
Nissan,FVZ34N-BMC,SUPPORT,Bus,  1 ,  1 ,  1 ,  1 
NISSAN,TZA520YHNLT,SUPPORT,Bus,  1 ,  1 ,  1 ,  1 
ISUZU,FVZ,SUPPORT,Bus,  1 ,  1 ,  1 ,  1 
ISUZU,ELF NQR,SUPPORT,Bus,  1 ,  1 ,  1 ,  1 
ISUZU,D-MAX,SUPPORT,Bus,  1 ,  1 ,  1 ,  1 
ISUZU,D-MAX,SUPPORT,Bus,  1 ,  1 ,  1 ,  1 
MITSUBISHI,COLT Diesel FE 84G BC MT,SUPPORT,Bus,  1 ,  1 ,  1 ,  1 
MITSUBISHI,COLT Diesel FE 84G BC MT,SUPPORT,Bus,  1 ,  1 ,  1 ,  1 
Volvo,WE205D-BMC,SUPPORT,DT OTHER,  16 ,  8 ,  18 ,  22 
HINO,PB-Bagong,SUPPORT,BUS,  1 ,  1 ,  1 ,  1 
MITSUBISHI,PB-Bagong,SUPPORT,LV,  1 ,  1 ,  1 ,  1 
MITSUBISHI,PB-Pamandiri,SUPPORT,LV,  1 ,  1 ,  1 ,  1 
MITSUBISHI,PB-Gatra,SUPPORT,LV,  1 ,  1 ,  1 ,  1 
MITSUBISHI, All New Triton GLS 4X4 ,SUPPORT,LV,  1 ,  1 ,  1 ,  1 
MITSUBISHI, All New Triton HDX 4X4 ,SUPPORT,LV,  1 ,  1 ,  1 ,  1 
MITSUBISHI," Pajero Sport2,5L Exceed (4X27, 5M/1) ",SUPPORT,LV,  1 ,  1 ,  1 ,  1 
TOYOTA, Innova G DIESEL ,SUPPORT,LV,  1 ,  1 ,  1 ,  1 
MITSUBISHI, COLT DIESEL FE71L BC NC (4X2) M/T ,SUPPORT,LV,  1 ,  1 ,  1 ,  1 
MITSUBISHI, FE 84 BC ,SUPPORT,LV,  1 ,  1 ,  1 ,  1 
MITSUBISHI, FE 84G BC ,SUPPORT,LV,  1 ,  1 ,  1 ,  1 
DAEWO, DAEWO ,SUPPORT,LV,  1 ,  1 ,  1 ,  1 
DAEWOO, DAEWOO ,SUPPORT,LV,  1 ,  1 ,  1 ,  1 
DOOSAN, DOOSAN ,SUPPORT,LV,  1 ,  1 ,  1 ,  1 
KIA, KIA ,SUPPORT,LV,  1 ,  1 ,  1 ,  1 
MITSUBISHI, MITSUBISHI ,SUPPORT,LV,  1 ,  1 ,  1 ,  1 
TOYOTA, TOYOTA ,SUPPORT,LV,  1 ,  1 ,  1 ,  1 
WS-6964SX, WS-6964SX ,SUPPORT,LV,  1 ,  1 ,  1 ,  1 
FORTUNER 2.4 VRZ," LV, Fortuner, 2.4 VRZ, 4x4 , PM 01 ",SUPPORT,LV,  1 ,  1 ,  1 ,  1 
HILUX," LV, TOYOTA HILUX, 4X4, Type E (ADM02) ",SUPPORT,LV,  1 ,  1 ,  1 ,  1 
HILUX," LV, TOYOTA HILUX, 4X4, Type E (ADM04) ",SUPPORT,LV,  1 ,  1 ,  1 ,  1 
HILUX," LV, TOYOTA HILUX, 4X4, Type E (AMG01) ",SUPPORT,LV,  1 ,  1 ,  1 ,  1 
HILUX," LV, TOYOTA HILUX, 4X4, Type E (AMG07) ",SUPPORT,LV,  1 ,  1 ,  1 ,  1 
HILUX," LV, TOYOTA HILUX, 4X4, Type E (AMG09) ",SUPPORT,LV,  1 ,  1 ,  1 ,  1 
HILUX," LV, TOYOTA HILUX, 4X4, Type G (AMG12) ",SUPPORT,LV,  1 ,  1 ,  1 ,  1 
HILUX," TOYOTA HILUX, 4X4, Type E (AMG05) ",SUPPORT,LV,  1 ,  1 ,  1 ,  1 
HILUX," TOYOTA HILUX, 4X4, Type E (SCM01) ",SUPPORT,LV,  1 ,  1 ,  1 ,  1 
HILUX," TOYOTA HILUX, 4X4, Type G (ENG03) ",SUPPORT,LV,  1 ,  1 ,  1 ,  1 
"PAJERO SPORT,GLX"," MITSUBISHI, PAJERO SPORT-GLX, 4x4 (PM04) ",SUPPORT,LV,  1 ,  1 ,  1 ,  1 
"PAJERO SPORT,GLX"," MITSUBISHI, TRITON, 4X4, HDX (SVY03) ",SUPPORT,LV,  1 ,  1 ,  1 ,  1 
STRADA-TRITON," LV, AMBULANCE, MITSUBISHI, TRITON 4X4 ",SUPPORT,LV,  1 ,  1 ,  1 ,  1 
STRADA-TRITON," LV, MITSUBISHI, TRITON-HDX, 4X4 (ERT) ",SUPPORT,LV,  1 ,  1 ,  1 ,  1 
STRADA-TRITON," MITSUBISHI, PAJERO SPORT-GLX, 4x4 (PM03) ",SUPPORT,LV,  1 ,  1 ,  1 ,  1 
STRADA-TRITON," MITSUBISHI, TRITON, 4X4, HDX (ADM 01) ",SUPPORT,LV,  1 ,  1 ,  1 ,  1 
STRADA-TRITON," MITSUBISHI, TRITON, 4X4, HDX (AMG 05) ",SUPPORT,LV,  1 ,  1 ,  1 ,  1 
STRADA-TRITON," MITSUBISHI, TRITON, 4X4, HDX (AMG02) ",SUPPORT,LV,  1 ,  1 ,  1 ,  1 
STRADA-TRITON," MITSUBISHI, TRITON, 4X4, HDX (AMG06) ",SUPPORT,LV,  1 ,  1 ,  1 ,  1 
STRADA-TRITON," MITSUBISHI, TRITON, 4X4, HDX (AMG10) ",SUPPORT,LV,  1 ,  1 ,  1 ,  1 
STRADA-TRITON," MITSUBISHI, TRITON, 4X4, HDX (AMG11) ",SUPPORT,LV,  1 ,  1 ,  1 ,  1 
STRADA-TRITON," MITSUBISHI, TRITON, 4X4, HDX (AMG13) ",SUPPORT,LV,  1 ,  1 ,  1 ,  1 
STRADA-TRITON," MITSUBISHI, TRITON, 4X4, HDX (AMG15) ",SUPPORT,LV,  1 ,  1 ,  1 ,  1 
STRADA-TRITON," MITSUBISHI, TRITON, 4X4, HDX (D&B02) ",SUPPORT,LV,  1 ,  1 ,  1 ,  1 
STRADA-TRITON," MITSUBISHI, TRITON, 4X4, HDX (ENG04) ",SUPPORT,LV,  1 ,  1 ,  1 ,  1 
STRADA-TRITON," MITSUBISHI, TRITON, 4X4, HDX (FMS01) ",SUPPORT,LV,  1 ,  1 ,  1 ,  1 
STRADA-TRITON," MITSUBISHI, TRITON, 4X4, HDX (MNG01) ",SUPPORT,LV,  1 ,  1 ,  1 ,  1 
STRADA-TRITON," MITSUBISHI, TRITON, 4X4, HDX (MNG02) ",SUPPORT,LV,  1 ,  1 ,  1 ,  1 
STRADA-TRITON," MITSUBISHI, TRITON, 4X4, HDX (MNG03) ",SUPPORT,LV,  1 ,  1 ,  1 ,  1 
STRADA-TRITON," MITSUBISHI, TRITON, 4X4, HDX (MNG04) ",SUPPORT,LV,  1 ,  1 ,  1 ,  1 
STRADA-TRITON," MITSUBISHI, TRITON, 4X4, HDX (MNG05) ",SUPPORT,LV,  1 ,  1 ,  1 ,  1 
STRADA-TRITON," MITSUBISHI, TRITON, 4X4, HDX (MNG06) ",SUPPORT,LV,  1 ,  1 ,  1 ,  1 
STRADA-TRITON," MITSUBISHI, TRITON, 4X4, HDX (MNG07) ",SUPPORT,LV,  1 ,  1 ,  1 ,  1 
STRADA-TRITON," MITSUBISHI, TRITON, 4X4, HDX (MNG08) ",SUPPORT,LV,  1 ,  1 ,  1 ,  1 
STRADA-TRITON," MITSUBISHI, TRITON, 4X4, HDX (MNG09) ",SUPPORT,LV,  1 ,  1 ,  1 ,  1 
STRADA-TRITON," MITSUBISHI, TRITON, 4X4, HDX (MNV01) ",SUPPORT,LV,  1 ,  1 ,  1 ,  1 
STRADA-TRITON," MITSUBISHI, TRITON, 4X4, HDX (SHE02) ",SUPPORT,LV,  1 ,  1 ,  1 ,  1 
STRADA-TRITON," MITSUBISHI, TRITON, 4X4, HDX (SHE04) ",SUPPORT,LV,  1 ,  1 ,  1 ,  1 
STRADA-TRITON," MITSUBISHI, TRITON, 4X4, HDX (SVY01) ",SUPPORT,LV,  1 ,  1 ,  1 ,  1 
MITSUBISHI, Pajero Sport ,SUPPORT,LV,  1 ,  1 ,  1 ,  1 
Toyota, Toyota Hilux Diesel  2.4G Double Cabin 4x4 ,SUPPORT,LV,  1 ,  1 ,  1 ,  1 
MITSUBISHI, Mitsubishi Pajero ,SUPPORT,LV,  1 ,  1 ,  1 ,  1 
FORTUNER 2.4 VRZ,"LV, Fortuner, 2.4 VRZ, 4x4 , PM 01",SUPPORT,LV,  1 ,  1 ,  1 ,  1 
HILUX,"LV, TOYOTA HILUX, 4X4, Type E (ADM02)",SUPPORT,LV,  1 ,  1 ,  1 ,  1 
HILUX,"LV, TOYOTA HILUX, 4X4, Type E (ADM04)",SUPPORT,LV,  1 ,  1 ,  1 ,  1 
HILUX,"LV, TOYOTA HILUX, 4X4, Type E (AMG01)",SUPPORT,LV,  1 ,  1 ,  1 ,  1 
HILUX,"LV, TOYOTA HILUX, 4X4, Type E (AMG07)",SUPPORT,LV,  1 ,  1 ,  1 ,  1 
HILUX,"LV, TOYOTA HILUX, 4X4, Type E (AMG09)",SUPPORT,LV,  1 ,  1 ,  1 ,  1 
HILUX,"LV, TOYOTA HILUX, 4X4, Type G (AMG12)",SUPPORT,LV,  1 ,  1 ,  1 ,  1 
HILUX,"TOYOTA HILUX, 4X4, Type E (AMG05)",SUPPORT,LV,  1 ,  1 ,  1 ,  1 
HILUX,"TOYOTA HILUX, 4X4, Type E (SCM01)",SUPPORT,LV,  1 ,  1 ,  1 ,  1 
HILUX,"TOYOTA HILUX, 4X4, Type G (ENG03)",SUPPORT,LV,  1 ,  1 ,  1 ,  1 
ISUZU,FVZ34NHP61011L2S,SUPPORT,LV,  1 ,  1 ,  1 ,  1 
ISUZU,NQR71ECE2-1 - ISUZU MBBIS,SUPPORT,LV,  1 ,  1 ,  1 ,  1 
ISUZU,NQR 71 EC,SUPPORT,LV,  1 ,  1 ,  1 ,  1 
KIA,KIA,SUPPORT,LV,  1 ,  1 ,  1 ,  1 
LV PAMA,LV PAMA,SUPPORT,LV,  1 ,  1 ,  1 ,  1 
MITSUBISHI,All New Triton GLS 4X4,SUPPORT,LV,  1 ,  1 ,  1 ,  1 
MITSUBISHI,All New Triton HDX 4X4,SUPPORT,LV,  1 ,  1 ,  1 ,  1 
MITSUBISHI,"Pajero Sport2,5L Exceed (4X27, 5M/1)",SUPPORT,LV,  1 ,  1 ,  1 ,  1 
MITSUBISHI,COLT DIESEL FE71L BC NC (4X2) M/T,SUPPORT,LV,  1 ,  1 ,  1 ,  1 
MITSUBISHI,Pajero Sport,SUPPORT,LV,  1 ,  1 ,  1 ,  1 
MITSUBISHI,Mitsubishi Pajero,SUPPORT,LV,  1 ,  1 ,  1 ,  1 
MITSUBISHI,LV-Adelian,SUPPORT,LV,  1 ,  1 ,  1 ,  1 
MITSUBISHI,PB-Bagong,SUPPORT,LV,  1 ,  1 ,  1 ,  1 
MITSUBISHI,PB-Pamandiri,SUPPORT,LV,  1 ,  1 ,  1 ,  1 
MITSUBISHI,LV-Gatra,SUPPORT,LV,  1 ,  1 ,  1 ,  1 
MITSUBISHI,LV-KT,SUPPORT,LV,  1 ,  1 ,  1 ,  1 
MITSUBISHI,LV-Adelian,SUPPORT,LV,  1 ,  1 ,  1 ,  1 
MITSUBISHI,LV-Adelian-Ambulance,SUPPORT,LV,  1 ,  1 ,  1 ,  1 
"PAJERO SPORT,GLX","MITSUBISHI, PAJERO SPORT-GLX, 4x4 (PM04)",SUPPORT,LV,  1 ,  1 ,  1 ,  1 
"PAJERO SPORT,GLX","MITSUBISHI, TRITON, 4X4, HDX (SVY03)",SUPPORT,LV,  1 ,  1 ,  1 ,  1 
STRADA-TRITON,"LV, AMBULANCE, MITSUBISHI, TRITON 4X4",SUPPORT,LV,  1 ,  1 ,  1 ,  1 
STRADA-TRITON,"LV, MITSUBISHI, TRITON-HDX, 4X4 (ERT)",SUPPORT,LV,  1 ,  1 ,  1 ,  1 
STRADA-TRITON,"MITSUBISHI, PAJERO SPORT-GLX, 4x4 (PM03)",SUPPORT,LV,  1 ,  1 ,  1 ,  1 
STRADA-TRITON,"MITSUBISHI, TRITON, 4X4, HDX (ADM 01)",SUPPORT,LV,  1 ,  1 ,  1 ,  1 
STRADA-TRITON,"MITSUBISHI, TRITON, 4X4, HDX (AMG 05)",SUPPORT,LV,  1 ,  1 ,  1 ,  1 
STRADA-TRITON,"MITSUBISHI, TRITON, 4X4, HDX (AMG02)",SUPPORT,LV,  1 ,  1 ,  1 ,  1 
STRADA-TRITON,"MITSUBISHI, TRITON, 4X4, HDX (AMG06)",SUPPORT,LV,  1 ,  1 ,  1 ,  1 
STRADA-TRITON,"MITSUBISHI, TRITON, 4X4, HDX (AMG10)",SUPPORT,LV,  1 ,  1 ,  1 ,  1 
STRADA-TRITON,"MITSUBISHI, TRITON, 4X4, HDX (AMG11)",SUPPORT,LV,  1 ,  1 ,  1 ,  1 
STRADA-TRITON,"MITSUBISHI, TRITON, 4X4, HDX (AMG13)",SUPPORT,LV,  1 ,  1 ,  1 ,  1 
STRADA-TRITON,"MITSUBISHI, TRITON, 4X4, HDX (AMG15)",SUPPORT,LV,  1 ,  1 ,  1 ,  1 
STRADA-TRITON,"MITSUBISHI, TRITON, 4X4, HDX (D&B02)",SUPPORT,LV,  1 ,  1 ,  1 ,  1 
STRADA-TRITON,"MITSUBISHI, TRITON, 4X4, HDX (ENG04)",SUPPORT,LV,  1 ,  1 ,  1 ,  1 
STRADA-TRITON,"MITSUBISHI, TRITON, 4X4, HDX (FMS01)",SUPPORT,LV,  1 ,  1 ,  1 ,  1 
STRADA-TRITON,"MITSUBISHI, TRITON, 4X4, HDX (MNG01)",SUPPORT,LV,  1 ,  1 ,  1 ,  1 
STRADA-TRITON,"MITSUBISHI, TRITON, 4X4, HDX (MNG02)",SUPPORT,LV,  1 ,  1 ,  1 ,  1 
STRADA-TRITON,"MITSUBISHI, TRITON, 4X4, HDX (MNG03)",SUPPORT,LV,  1 ,  1 ,  1 ,  1 
STRADA-TRITON,"MITSUBISHI, TRITON, 4X4, HDX (MNG04)",SUPPORT,LV,  1 ,  1 ,  1 ,  1 
STRADA-TRITON,"MITSUBISHI, TRITON, 4X4, HDX (MNG05)",SUPPORT,LV,  1 ,  1 ,  1 ,  1 
STRADA-TRITON,"MITSUBISHI, TRITON, 4X4, HDX (MNG06)",SUPPORT,LV,  1 ,  1 ,  1 ,  1 
STRADA-TRITON,"MITSUBISHI, TRITON, 4X4, HDX (MNG07)",SUPPORT,LV,  1 ,  1 ,  1 ,  1 
STRADA-TRITON,"MITSUBISHI, TRITON, 4X4, HDX (MNG08)",SUPPORT,LV,  1 ,  1 ,  1 ,  1 
STRADA-TRITON,"MITSUBISHI, TRITON, 4X4, HDX (MNG09)",SUPPORT,LV,  1 ,  1 ,  1 ,  1 
STRADA-TRITON,"MITSUBISHI, TRITON, 4X4, HDX (MNV01)",SUPPORT,LV,  1 ,  1 ,  1 ,  1 
STRADA-TRITON,"MITSUBISHI, TRITON, 4X4, HDX (SHE02)",SUPPORT,LV,  1 ,  1 ,  1 ,  1 
STRADA-TRITON,"MITSUBISHI, TRITON, 4X4, HDX (SHE04)",SUPPORT,LV,  1 ,  1 ,  1 ,  1 
STRADA-TRITON,"MITSUBISHI, TRITON, 4X4, HDX (SVY01)",SUPPORT,LV,  1 ,  1 ,  1 ,  1 
SUZUKI,LV-Adelian-Ambulance,SUPPORT,LV,  1 ,  1 ,  1 ,  1 
TOYOTA,Innova G DIESEL,SUPPORT,LV,  1 ,  1 ,  1 ,  1 
TOYOTA,TOYOTA,SUPPORT,LV,  1 ,  1 ,  1 ,  1 
Toyota,Toyota Hilux Diesel  2.4G Double Cabin 4x4,SUPPORT,LV,  1 ,  1 ,  1 ,  1 
TOYOTA,LV-Serasi,SUPPORT,LV,  1 ,  1 ,  1 ,  1 
TOYOTA,LV-Gatra,SUPPORT,LV,  1 ,  1 ,  1 ,  1 
TOYOTA,LV-Gatra,SUPPORT,LV,  1 ,  1 ,  1 ,  1 
TOYOTA,LV-Adelian,SUPPORT,LV,  1 ,  1 ,  1 ,  1 
TOYOTA,LV-Adelian,SUPPORT,LV,  1 ,  1 ,  1 ,  1 
TOYOTA,LV-Serasi,SUPPORT,LV,  1 ,  1 ,  1 ,  1 
MITSUBISHI,PB-Gatra,SUPPORT,LV,  1 ,  1 ,  1 ,  1 
MITSUBISHI,TRITON,SUPPORT,LV,  1 ,  1 ,  1 ,  1 
MITSUBISHI,TRITON,SUPPORT,LV,  1 ,  1 ,  1 ,  1 
MITSUBISHI,TRITON,SUPPORT,LV,  1 ,  1 ,  1 ,  1 
MITSUBISHI,TRITON,SUPPORT,LV,  1 ,  1 ,  1 ,  1 
MITSUBISHI,TRITON,SUPPORT,LV,  1 ,  1 ,  1 ,  1 
INOVA,KIJANG,SUPPORT,LV,  1 ,  1 ,  1 ,  1 
TOYOTA,FORTUNER 2.4 VRZ 4X2 AT (GUN165R-SDTMHD),SUPPORT,LV,  1 ,  1 ,  1 ,  1 
TOYOTA,KIJANG INNOVA2.4V AT,SUPPORT,LV,  1 ,  1 ,  1 ,  1 
Scania, P410B 6X6 DC ,SUPPORT,DT Other,  46 ,  40 ,  46 ,  55 
Scania,P410B 6X6 DC,SUPPORT,DT Other,  30 ,  20 ,  35 ,  42 
SCANIA,P410CB6X6LO,SUPPORT,DT Other,  26 ,  20 ,  27 ,  33 
SCANIA,P410CB6X6LO,SUPPORT,DT Other,  30 ,  20 ,  35 ,  42 
Tadano, ATF50G-3 ,SUPPORT,CraneTruck,  40 ,  32 ,  40 ,  48 
Tadano,ATF50G-3,SUPPORT,Otherunit,  18 ,  10 ,  25 ,  30 
TADANO,ATF110G-5,,Other DT,  30 ,  18 ,  42 ,  50 
CAT  C - 16, WS-6964SX ,HAULING,DT COAL,  35 ,  30 ,  35 ,  40 
CUMMINS, WS-6900XD 6X4  ,HAULING,DT COAL,  35 ,  30 ,  35 ,  40 
CUMMINS, WS-6964SX ,HAULING,DT COAL,  35 ,  30 ,  35 ,  40 
Western Star, WS-6900XD  ,HAULING,DT COAL,  35 ,  30 ,  35 ,  40 
WS-6964SX, WS-6964SX ,SUPPORT,LV,  1 ,  1 ,  1 ,  1 
CAT,WS-6964SX,HAULING,Other DT,  34 ,  35 ,  34 ,  41 
CUMMINS,WS-6900XD 6X4 ,HAULING,DT Other,  34 ,  35 ,  34 ,  41 
CUMMINS,WS-6964SX,HAULING,DT Other,  34 ,  35 ,  34 ,  41 
Western Star,WS-6900XD ,HAULING,#N/A,  38 ,  35 ,  34 ,  41 
KIRLOSKAR,KG15WS,SUPPORT,Towerlamp,  2 ,  1 ,  2 ,  2 
405-S," WELDING, ELECTRIC, MILLER, 405-S ",SUPPORT,Welding,  10 ,  8 ,  10 ,  12 
405-S,"WELDING, ELECTRIC, MILLER, 405-S",SUPPORT,Welding,  10 ,  8 ,  10 ,  12 
PANASONIC,405FL4,SUPPORT,Otherunit,  1 ,  1 ,  1 ,  1 
SCANIA,R620PM,SUPPORT,DT Other,  34 ,  1 ,  1 ,  1 
FB 30- - 12, FORKLIFT KOMATSU FB30-12 ,SUPPORT,Forklift,  125 ,  100 ,  125 ,  150 
Daewoo, D-100 ,SUPPORT,Forklift,  50 ,  40 ,  50 ,  60 
Doosan, D160S-5 ,SUPPORT,Forklift,  50 ,  40 ,  50 ,  60 
Forklift, FD50T-8 ,SUPPORT,Forklift,  6 ,  5 ,  6 ,  7 
Forklift, FD30C ,SUPPORT,Forklift,  4 ,  3 ,  4 ,  4 
Forklift, FD30T ,SUPPORT,Forklift,  4 ,  3 ,  4 ,  4 
MANITOU, Forklift ,SUPPORT,Forklift,  9 ,  7 ,  9 ,  11 
KOMATSU, Forklift ,SUPPORT,Forklift,  9 ,  7 ,  9 ,  11 
DOOSAN,DOOSAN,SUPPORT,Forklift,  1 ,  1 ,  1 ,  1 
FB 30- - 12,FORKLIFT KOMATSU FB30-12,SUPPORT,Forklift,  4 ,  3 ,  4 ,  4 
Forklift,FD50T-8,SUPPORT,Forklift,  6 ,  5 ,  6 ,  7 
Forklift,FD30C,SUPPORT,Forklift,  4 ,  3 ,  4 ,  4 
Forklift,FD30T,SUPPORT,Forklift,  4 ,  3 ,  4 ,  4 
KOMATSU,FD506,SUPPORT,Forklift,  15 ,  9 ,  15 ,  18 
JCB,JCB540-170,,Forklift,  12 ,  6 ,  12 ,  14 
KOMATSU,Forklift,SUPPORT,Forklift,  9 ,  7 ,  9 ,  11 
MANITOU,Forklift,SUPPORT,Forklift,  9 ,  7 ,  9 ,  11 
MANITOU,MT1440SLT,,Forklift,  10 ,  8 ,  10 ,  12 
MILLER, BIG BLUE 500 X ,SUPPORT,Otherunit,  4 ,  3 ,  4 ,  4 
MILLER, D 2011 L 04 I ,SUPPORT,Welding,  10 ,  8 ,  10 ,  12 
MILLER," Welder, CO1 ",SUPPORT,Welding,  10 ,  8 ,  10 ,  12 
MILLER, Welding Travo ,SUPPORT,Welding,  1 ,  1 ,  1 ,  1 
MILLER," Welder, Machine ",SUPPORT,Welding,  10 ,  8 ,  10 ,  12 
MILLER, Hi-Pressure Pump ,SUPPORT,Compressor,  39 ,  31 ,  39 ,  47 
MILLER," Welder, CO2 ",SUPPORT,Welding,  10 ,  8 ,  10 ,  12 
MILLER, Sump Pump ,SUPPORT,Small Pump,  13 ,  8 ,  13 ,  20 
MILLER,BIG BLUE 500 X,SUPPORT,Welding,  4 ,  3 ,  4 ,  4 
MILLER,D 2011 L 04 I,SUPPORT,Welding,  10 ,  8 ,  10 ,  12 
MILLER,"Welder, CO1",SUPPORT,Welding,  10 ,  8 ,  10 ,  12 
MILLER,Welding Travo,SUPPORT,Welding,  1 ,  1 ,  1 ,  1 
MILLER,"Welder, Machine",SUPPORT,Welding,  10 ,  8 ,  10 ,  12 
MILLER,Hi-Pressure Pump,SUPPORT,Water Pump,  40 ,  23 ,  40 ,  63 
MILLER,"Welder, CO2",SUPPORT,Welding,  10 ,  8 ,  10 ,  12 
MILLER,Sump Pump,SUPPORT,Water Pump,  40 ,  23 ,  40 ,  63 
MILLER,830SERIESOFF,SUPPORT,Welding,  10 ,  4 ,  10 ,  12 
MILLER,BIG BLUE AIR,SUPPORT,Welding,  12 ,  10 ,  12 ,  14 
MILLER,BIGBLUE500X,SUPPORT,Welding,  10 ,  4 ,  10 ,  12 
MILLER,MILLER,SUPPORT,Welding,  10 ,  4 ,  10 ,  12 
SCANIA,P124CB4X4ST,SUPPORT,DT Other,  18 ,  13 ,  21 ,  25 